BVTV,DA,E1,E2,E3,Mu12,Mu23,Mu31,Nu12,Nu13,Nu23,ROI Number,Scan,m1,m2,m3,Variation Coefficient,Group
0.0777,1.6059999999999999,31.902371615933713,45.486535070313046,132.89737321627803,16.57938595347623,24.169802349989535,20.500433664177667,0.209295218236918,0.07683849571026763,0.07215485607914117,1,C0001911_SEG_UNCOMP,0.79961,0.9159299999999999,1.28446,0.461511476464631,Control
0.0934,1.791,56.25282710871597,92.32936798536932,170.0726053948254,30.03640699409303,51.488719843166024,31.046949589923624,0.1593909641798197,0.06305806349432955,0.14083218449196275,2,C0001911_SEG_UNCOMP,0.71246,1.0112700000000001,1.27627,0.5841994963779443,Control
0.09300000000000001,1.7930000000000001,47.86622942525448,107.88493613488536,201.79278377365463,28.891926053722162,60.58117970095995,31.318338496877214,0.14437518099723115,0.053046191685780536,0.1549676361064645,3,C0001911_SEG_UNCOMP,0.7176100000000001,0.99544,1.28695,0.7416569860721284,Control
0.2381,2.002,253.52386715070148,401.35918852994405,1206.9069393864593,138.66795352832324,273.41569272850893,166.45836407233188,0.22084120514064406,0.05576477776607749,0.09948088141565088,4,C0001911_SEG_UNCOMP,0.68029,0.9576,1.36211,0.22436538351637933,Control
0.3489,1.819,676.0004838945373,1107.1377397309068,2126.33848707332,316.53321704574614,575.6672295481368,388.27410896784966,0.1917959266448533,0.09301968912733576,0.14010118040777692,5,C0001911_SEG_UNCOMP,0.7309399999999999,0.93955,1.32951,0.15208111968950702,Control
0.2945,1.819,463.23388504291154,880.8150683167491,1628.0211988711649,239.05662468940915,444.2889674090928,276.5456885775476,0.18857700694883064,0.08296890555179885,0.1424189011906715,6,C0001911_SEG_UNCOMP,0.72756,0.9487700000000001,1.3236700000000001,0.19387571014572194,Control
0.2666,2.35,307.6999658865472,908.5962244483162,1752.1458671257678,206.887065024033,516.3367053184753,217.4294250893505,0.18093481837270925,0.05531525018748962,0.1385304619426675,1,C0002184_SEG_UNCOMP,0.59087,1.02072,1.3884100000000001,0.2340588951518767,Control
0.1643,1.936,179.57151092867215,340.32208155962286,755.1132605901421,99.7165729322568,167.5135818901422,92.46100829489231,0.233102810288526,0.052319158938749666,0.11846627528652502,2,C0002184_SEG_UNCOMP,0.70253,0.9375899999999999,1.35988,0.2360247741723185,Control
0.2164,2.195,213.79822913594174,608.1096602649127,1204.7332185013925,146.30512388331272,355.4410442366805,158.02555727010323,0.1931156701366698,0.06079121411613681,0.1307336725174353,3,C0002184_SEG_UNCOMP,0.62889,0.99092,1.38019,0.17387357288271973,Control
0.2126,2.195,226.7696608656747,625.1404043235908,1188.0962498340919,141.38779885804303,367.07811998081365,158.80855351544602,0.1685027159734906,0.0689418943818369,0.1426045522564052,4,C0002184_SEG_UNCOMP,0.6266,0.99792,1.37548,0.160969843160776,Control
0.217,2.278,257.53955440166845,668.042119815028,1308.9880607153068,148.53342835075782,347.9731334584484,156.76258332066132,0.1754974382994786,0.055343699466953285,0.12797071475376046,5,C0002184_SEG_UNCOMP,0.62045,0.96598,1.41357,0.282296332688654,Control
0.1811,2.3890000000000002,157.40055430196708,420.9699456053903,1097.3140725951432,99.75794652299948,245.27997444346317,116.16445329296324,0.1945934232353461,0.04719431808008931,0.10083712690695974,6,C0002184_SEG_UNCOMP,0.61469,0.9168299999999999,1.46848,0.2734352735764386,Control
0.301,2.333,622.3422763385515,851.1920373009358,2196.9587518050944,258.2282547331749,503.7096436372116,357.6001175633063,0.2492517579488511,0.07832286144267049,0.11321812632450776,1,C0001982_SEG_UNCOMP,0.65513,0.8163199999999999,1.52855,0.15939196531395458,Control
0.2128,2.148,283.80199224585533,448.42734022167485,1305.3689871311399,137.462215483427,261.03873656373526,156.0837497154718,0.25917600496643184,0.05608134380517976,0.09623766813810784,2,C0001982_SEG_UNCOMP,0.6631,0.91284,1.42406,0.0623086767741702,Control
0.3485,2.076,786.4812102534523,1115.1320831275991,2462.0252497336332,350.9787436398145,574.8793249544641,464.59437397953116,0.2517724670243156,0.09486719372276473,0.11796854130229525,3,C0001982_SEG_UNCOMP,0.70077,0.8446100000000001,1.4546299999999999,0.11825876828435734,Control
0.1923,1.768,264.7406154113412,380.1169169905601,913.9271622455814,110.55626478583284,215.12672825603678,155.30497505336524,0.23781614551136626,0.0957486936179794,0.1223165909515436,4,C0001982_SEG_UNCOMP,0.76625,0.87902,1.35473,0.09820744920535614,Control
0.1761,1.9469999999999998,208.2940838404189,292.20089640959867,880.249493266648,101.44088278790173,206.5185747430146,128.8824331559267,0.2779696532628322,0.06452346617603273,0.10758276987537382,5,C0001982_SEG_UNCOMP,0.72153,0.8734700000000001,1.405,0.10202689930468636,Control
0.2152,1.827,316.8211532658947,583.6896498254772,1151.2163349443124,147.7351842682605,299.3654792555732,197.34983218167545,0.20139451138923625,0.0929791342191004,0.13402856690470327,6,C0001982_SEG_UNCOMP,0.74244,0.9013200000000001,1.35624,0.09214380368874664,Control
0.1918,1.923,198.21084684541896,304.272356144929,918.7155882520883,92.8753791306135,155.35795583044532,131.87626003450887,0.20937871506224826,0.06681128488155982,0.07658899334248698,1,C0001534_SEG_UNCOMP,0.7348100000000001,0.85234,1.41285,0.18552121924867387,Control
0.14,1.973,100.43582611964337,236.55068308951687,494.49950626585166,45.024591180071276,126.67617346229359,68.81798841903537,0.11385116004793536,0.059978647546517536,0.12755604526808606,2,C0001534_SEG_UNCOMP,0.68545,0.96242,1.35212,0.4018529965692317,Control
0.1739,1.7280000000000002,124.57630561492414,216.8772625252429,778.7321768861882,62.752243720931304,138.4245007121365,85.89699336978236,0.1528404131029892,0.05035685736946295,0.0836377039019219,3,C0001534_SEG_UNCOMP,0.73895,0.98439,1.2766600000000001,0.26583838321620445,Control
0.3438,2.045,626.0755163776066,1206.5353321430955,2229.886042027701,324.2820138267341,608.5995749259757,382.5318441604323,0.19137238129680675,0.0884655667079104,0.13603797585152275,4,C0001534_SEG_UNCOMP,0.68148,0.92456,1.39395,0.1918183289433155,Control
0.1578,1.8780000000000001,97.59469459387311,189.56411469371886,601.344018828053,71.05436755292256,127.52261381053562,68.56601962603487,0.229162565882904,0.040585984413054464,0.08607278443118553,5,C0001534_SEG_UNCOMP,0.71201,0.95065,1.33733,0.18271100580253846,Control
0.2915,2.095,385.0740720817579,825.6838680635602,1797.0864097085534,244.14279221943718,469.391057689557,285.1248856535701,0.2058051917266656,0.06971385910536337,0.12083752643747656,6,C0001534_SEG_UNCOMP,0.6688,0.92976,1.40144,0.2498262504857449,Control
0.2818,1.7619999999999998,645.3618933127111,896.8406713482581,1889.5222773522119,275.34227091295503,398.0699081144919,339.66528268829694,0.2265458427519046,0.09954552119284782,0.10604817103611598,1,C0001585_SEG_UNCOMP,0.7711100000000001,0.87003,1.35886,0.16203470670554135,Control
0.1937,2.18,275.6716564039524,467.38683639618864,1131.3391265142616,128.17640190409642,309.23505686796227,148.86717028481485,0.2425913107179541,0.05934950170177832,0.12824363892623367,2,C0001585_SEG_UNCOMP,0.65051,0.9315399999999999,1.41795,0.14901693994890175,Control
0.2421,2.051,301.94812989464856,734.1016089441317,1395.8371676547185,184.3457706984192,444.1212102359504,207.6892897426437,0.1934942324885533,0.06851151259647158,0.156540881945661,3,C0001585_SEG_UNCOMP,0.65755,0.9941200000000001,1.34833,0.11660529446201287,Control
0.1293,2.076,167.30269378204082,222.8852784833644,698.727494819685,52.97350197114791,150.29500408569834,83.83471050073425,0.2177178766007017,0.05998625991419261,0.10741633949724436,4,C0001585_SEG_UNCOMP,0.6883100000000001,0.88279,1.4289,0.17966852178418585,Control
0.2672,1.84,599.5748538741423,721.1175915185753,1784.838603362839,294.9056475000471,375.8485563557558,334.79135541994924,0.3129155110991001,0.0863879819060718,0.1040030769421034,5,C0001585_SEG_UNCOMP,0.76212,0.8354,1.40248,0.233039988561016,Control
0.2062,2.1719999999999997,244.5529455759121,606.2485537176768,1248.774998349256,136.91542252124515,367.9775637193965,161.65026229722628,0.1808088256383885,0.06358220865224369,0.14278114904236336,6,C0001585_SEG_UNCOMP,0.64083,0.96729,1.39188,0.15535231801325922,Control
0.3013,2.023,634.5352889471045,759.6421362217658,1999.3757294376312,263.94806421543814,424.32043939374466,386.1939282343184,0.282691035971311,0.0914463436937722,0.10408255419257352,1,C0002215_SEG_UNCOMP,0.72831,0.79864,1.47306,0.17514263018237095,Control
0.2867,2.204,404.2564080402927,889.6046391264651,1787.3057397013226,243.9138314310241,541.1646528074059,276.1948898384079,0.20218907795730987,0.07333252976143123,0.15349546224282345,2,C0002215_SEG_UNCOMP,0.64089,0.9467399999999999,1.41238,0.16554896524934073,Control
0.2322,1.9780000000000002,321.12727934587207,498.70438591598395,1329.2420852584526,176.98863398455967,300.5047481260072,199.47909712708358,0.2720415107199664,0.06613409283115057,0.10358921882858434,3,C0002215_SEG_UNCOMP,0.70804,0.8917200000000001,1.40024,0.08817647075918296,Control
0.2406,2.001,403.5373437470844,494.78198822460035,1465.1056006476008,183.92206714630882,308.205786052616,233.39530659654872,0.28188044242280463,0.07567020996047343,0.0965480705387078,4,C0002215_SEG_UNCOMP,0.71597,0.85126,1.43277,0.1708524567961317,Control
0.2508,2.015,376.5915719356482,558.4639095970546,1429.5275794047418,182.0392249543097,365.62070306353036,206.46548616138043,0.25115811823649603,0.06500299969521328,0.13746954793141872,5,C0002215_SEG_UNCOMP,0.69021,0.9191600000000001,1.39063,0.14978753040918408,Control
0.2054,2.258,229.86378107603988,412.99182237059637,1202.2814437288341,133.38676715203275,259.3461226972915,145.2816162772599,0.2479722205933635,0.0541144495947994,0.0972031267086083,6,C0002215_SEG_UNCOMP,0.6502100000000001,0.88181,1.46799,0.1102078693085109,Control
0.1706,1.837,212.34511738649863,269.0469337683957,768.5841513902817,74.4668058165201,160.18047740528522,129.3075921033523,0.20652601059947745,0.07607877978818871,0.10233682730563183,1,C0002033_SEG_UNCOMP,0.7581600000000001,0.8491,1.3927399999999999,0.13959240278188098,Control
0.2546,2.398,313.47742363722773,776.0011428365608,1601.162084094898,171.81859594015157,485.2874517258657,198.6388209805844,0.19460266209681665,0.055873213765130124,0.13724886982544462,2,C0002033_SEG_UNCOMP,0.5817399999999999,1.02338,1.39488,0.13371560911811098,Control
0.2431,2.103,334.66089873629414,740.3179434235533,1542.5195119618666,173.69356263494663,412.5972533869426,184.79794208601035,0.1682880231562029,0.055879929563846235,0.12484964415254525,3,C0002033_SEG_UNCOMP,0.64231,1.0072299999999998,1.35046,0.1748979425112801,Control
0.1735,1.757,183.06445926120534,260.16644933930957,670.0216330680754,89.95692579665749,149.63103800933146,110.75863838934069,0.25397973186507994,0.08149580455947854,0.09269378547337333,4,C0002033_SEG_UNCOMP,0.7672100000000001,0.88485,1.3479299999999999,0.14991283354828727,Control
0.1293,1.661,117.83167908981704,147.55727312156247,531.6065889189126,57.94624836027614,105.52170756142122,72.13675680090294,0.2816493388056541,0.045653564965774655,0.10397093760532536,5,C0002033_SEG_UNCOMP,0.80495,0.8579,1.3371600000000001,0.2637765101165926,Control
0.22,1.771,300.1986736058817,480.5099818962783,1205.3073158587144,172.530050291136,298.972725573078,213.85864502488968,0.2698205451370588,0.07439460414750296,0.11595141934593273,6,C0002033_SEG_UNCOMP,0.76556,0.87851,1.3559299999999999,0.2597814182403794,Control
0.0352,1.952,15.737515515009733,21.21178743114648,99.7524969361424,9.888483049846425,10.748967551823874,9.220520502228487,0.2870046228931906,0.04252691913626218,0.03321457808962542,1,C0001950_SEG_UNCOMP,0.72618,0.856,1.41782,0.7396745547959457,Control
0.1402,2.371,90.02967939021806,233.596083861515,617.7295722442061,55.78100402979478,139.16628902531673,73.76438859028707,0.13796799201205262,0.049942449565012,0.10145068829060072,2,C0001950_SEG_UNCOMP,0.6138100000000001,0.9311,1.45509,0.42821020997005466,Control
0.12,2.285,68.67997540237015,137.53347533132256,493.43107392564315,46.724078734884564,100.30299926270864,56.39212400327232,0.2368809688063072,0.03869297476938322,0.08009908492410242,3,C0001950_SEG_UNCOMP,0.64505,0.8811100000000001,1.47384,0.5022860304154279,Control
0.2071,2.463,132.33771032433015,392.257105960688,1160.6210181953818,92.56324343084994,276.85523415308467,113.973331922612,0.16935576399927826,0.04651111893954943,0.09830989474947067,4,C0001950_SEG_UNCOMP,0.58381,0.9781700000000001,1.43803,0.1610779541316582,Control
0.071,2.148,25.73329027678067,46.100677424812524,209.05935786680908,15.59562977759268,36.7778939593048,22.35270242934289,0.2107772515149208,0.032241841174642606,0.0599214895529559,5,C0001950_SEG_UNCOMP,0.6706,0.8890899999999999,1.44031,0.8038223862057784,Control
0.0808,2.314,39.68057560508397,116.48085683262647,313.7417902538025,28.5668427216786,76.12790536897239,32.788242954698745,0.1553183156736618,0.03299529148540102,0.10762970943200297,6,C0001950_SEG_UNCOMP,0.62526,0.9277299999999999,1.4470100000000001,0.8379346328238076,Control
0.1756,2.012,144.49130489941118,230.3220629578051,698.3815751821144,73.05204824163378,143.2864043801631,83.69790340576091,0.2229016948754096,0.05086877337233015,0.08820555170332994,1,C0001560_SEG_UNCOMP,0.67629,0.96296,1.36074,0.10632094641073866,Control
0.1627,2.0580000000000003,110.37148837053965,222.71502477108336,624.6969781902128,58.95468172466877,151.57608916897482,73.45572216279905,0.1736012298663214,0.05252070250841818,0.1093349430454914,2,C0001560_SEG_UNCOMP,0.67992,0.9208700000000001,1.39921,0.1930982642248749,Control
0.1428,2.063,83.30721132251034,216.6504749992897,631.3018577616098,59.45960080075465,133.07861553663258,67.7980411046734,0.2118134236523604,0.049307112744669285,0.08138364129190856,3,C0001560_SEG_UNCOMP,0.66994,0.9481700000000001,1.38189,0.2640415758082632,Control
0.2151,1.851,199.55132419878743,407.8652632095399,960.8804459827298,103.91728402307736,221.34342782197467,129.37781833163598,0.18390851254001256,0.061530364894321676,0.11205045011327956,4,C0001560_SEG_UNCOMP,0.7257600000000001,0.9306,1.34364,0.15171403893822774,Control
0.3109,2.051,417.2877986510663,1270.5554068478546,1744.5792865090432,244.27341022784591,525.3277230573692,252.19538945378798,0.13402283043946886,0.0643754050946487,0.16388748043709406,5,C0001560_SEG_UNCOMP,0.64671,1.02685,1.32644,0.24186103749991705,Control
0.2694,2.062,321.76182195458097,941.2312137521477,1446.9152903666532,181.97020195750167,387.8186304703242,206.93303238503572,0.12640888870886222,0.06372466360921411,0.13974348573495934,6,C0001560_SEG_UNCOMP,0.66174,0.9735,1.36477,0.17936147985745302,Control
0.2859,2.144,436.23323386111986,1037.7898487479993,1931.3583032772376,217.64193525507716,521.0594785016954,278.42707602311594,0.15566919313192096,0.06972675094964698,0.1408164779860636,1,C0001904_SEG_UNCOMP,0.65007,0.9563200000000001,1.39361,0.15092004331261838,Control
0.1211,1.8519999999999999,97.78467970890772,133.71689236686876,571.409884443017,49.22613557985457,86.9350321289592,63.46728008920914,0.23016397236473995,0.04946138285650725,0.06784306774743774,2,C0001904_SEG_UNCOMP,0.75145,0.8565,1.39205,0.3007528580183902,Control
0.1297,1.834,112.83684317531048,138.92438468968413,639.5563948688183,53.966397680105906,99.87308983248356,76.19886696016795,0.2636049610154516,0.056303334663416624,0.07049914857440716,3,C0001904_SEG_UNCOMP,0.77181,0.8124399999999999,1.41575,0.3089680198756356,Control
0.1388,1.858,116.57519878637301,245.54069473036026,517.3692297832416,74.79167823152689,124.11991606179913,77.30154653787257,0.2298762676326171,0.06712622214874339,0.09422872295460064,4,C0001904_SEG_UNCOMP,0.71801,0.94771,1.33428,0.2821287698709759,Control
0.3373,2.266,551.1776315429231,1453.3512065202044,2320.5330597963,317.2557295186147,714.2862739519879,349.9669177381148,0.16587090869673135,0.0757134967667646,0.16076394466378613,5,C0001904_SEG_UNCOMP,0.61228,1.00047,1.38725,0.14281567730019104,Control
0.3211,2.105,542.6853287858567,1276.0916906116956,2093.6416144039467,302.3104095072523,646.9767519300268,322.69762540504485,0.17377969143951322,0.07445362667237647,0.16622420677825436,6,C0001904_SEG_UNCOMP,0.63563,1.02647,1.33791,0.16102065598408905,Control
0.1111,2.154,69.17940265054558,135.49723029134648,524.4550134437112,46.67508198342498,84.45054785220098,46.69614949452029,0.2408666102134086,0.029904967563292844,0.06588898528967853,1,C0001624_SEG_UNCOMP,0.66203,0.9116700000000001,1.4263,0.18137718859327184,Control
0.1771,2.081,155.480689148957,269.4448347146161,899.8665527682965,68.8543094096472,155.2624740740857,108.22165975013674,0.19700847585913395,0.05817916812558222,0.07744486670837122,2,C0001624_SEG_UNCOMP,0.69704,0.85275,1.45021,0.16025208575534605,Control
0.1907,1.8869999999999998,207.6212552048996,446.0466395416777,1001.0642856954034,102.10571650814005,197.15281730971802,131.80447889939828,0.16170839215638358,0.06808292580894135,0.09510019711854564,3,C0001624_SEG_UNCOMP,0.72226,0.9146700000000001,1.36307,0.2720289365723155,Control
0.1619,1.964,162.41132451060196,436.855698507768,819.2516958115527,97.17523630844464,168.7065947144674,88.0247863999828,0.16985463916477414,0.061998701657626186,0.09651618657148003,4,C0001624_SEG_UNCOMP,0.69486,0.94025,1.36489,0.1990721806651458,Control
0.1537,2.04,149.91707692379498,224.56615664917908,844.0749577874333,81.54763838104465,133.05600510820096,89.60890217069857,0.2826137113824153,0.044565048621143404,0.06947428390550281,5,C0001624_SEG_UNCOMP,0.69806,0.8780600000000001,1.4238899999999999,0.3101016101040027,Control
0.1882,1.94,210.6305148224427,481.471859434416,1058.0491093173696,99.83950905110682,204.3616158632921,128.74283117356816,0.14763735327741845,0.06411748060415591,0.09387534379402764,6,C0001624_SEG_UNCOMP,0.70663,0.9221600000000001,1.37121,0.2668454564708166,Control
0.2404,1.768,384.618157096122,565.2228626820363,1364.8516349338781,172.3662865382002,318.05910634199813,211.95137017364559,0.2439952229903177,0.0675285479336278,0.1138120588130926,1,C0002087_SEG_UNCOMP,0.76125,0.89291,1.34584,0.1384263911675153,Control
0.3959,1.93,803.8847666707715,1759.2450339354339,2626.2903284630074,453.1392042916373,837.9818937800927,470.7797037531501,0.18146111607776488,0.09218859849482204,0.1718628385120925,2,C0002087_SEG_UNCOMP,0.66835,1.04203,1.2896100000000001,0.09409345537277704,Control
0.2257,1.6059999999999999,377.7924926473168,551.7712237730572,1108.6145024343955,152.20432824044926,226.0918853304566,164.2439166596135,0.1927359542647804,0.07605160896674414,0.10629215927182548,3,C0002087_SEG_UNCOMP,0.78594,0.9515100000000001,1.26255,0.163369200985635,Control
0.2338,1.746,381.3359543717981,627.1784589671986,1303.5146100055408,154.4269918915461,301.5873778685485,191.63127293355183,0.1938585404073341,0.0738356099194404,0.1189808682490528,4,C0002087_SEG_UNCOMP,0.7569899999999999,0.92125,1.32176,0.14296544072513725,Control
0.3141,1.9080000000000001,594.177349241471,1058.5036937171244,2077.7823907194347,324.39514796228895,544.8035302277581,378.346564901806,0.24946825079856416,0.08695403066436365,0.12504420151425358,5,C0002087_SEG_UNCOMP,0.7138800000000001,0.92405,1.3620700000000001,0.1225424900649782,Control
0.3012,1.963,535.5971290566201,1123.2108651214587,1909.624882353367,229.98959328129737,563.1862524121602,322.6433127913617,0.16443320201713346,0.09065275292585094,0.14895277930190692,6,C0002087_SEG_UNCOMP,0.68265,0.9771200000000001,1.34023,0.16309905959041018,Control
0.1717,1.974,90.80430998443958,184.31726843492348,525.4167391499253,46.14132857258171,118.42784546179807,62.1599840343541,0.14002867540912806,0.051055230293321235,0.10234795829263092,1,C0001566_SEG_UNCOMP,0.69415,0.9352600000000001,1.37059,0.1332988144086913,Control
0.1549,1.9780000000000002,116.73408449034024,252.5053451950033,687.8915503450978,60.93644687679274,120.55854612897451,84.90751769291016,0.16369637912901389,0.056759170287623416,0.07791496005764759,2,C0001566_SEG_UNCOMP,0.71897,0.85875,1.42228,0.20532669193989914,Control
0.0651,1.7109999999999999,8.811909591850158,10.569394849920798,47.60402917806403,3.2498725339850774,5.785044623900673,5.647219486896121,0.18289164277660147,0.05493208410515362,0.04588400923465792,3,C0001566_SEG_UNCOMP,0.77725,0.89294,1.32981,0.3094424748102515,Control
0.2544,2.452,307.47270181959857,815.147687125546,1706.3930883006988,161.3111856042976,460.67885739214967,223.3658581662101,0.14512843561296096,0.059323216788095726,0.12418219852059273,4,C0001566_SEG_UNCOMP,0.6005199999999999,0.9268299999999999,1.47265,0.12394887943354413,Control
0.2036,2.068,128.48935499693158,396.7277462251107,823.9938864815474,84.71062708302881,233.61523820797703,105.58398138720408,0.13070659211981195,0.06364938748342262,0.1306059436906354,5,C0001566_SEG_UNCOMP,0.64184,1.03071,1.32745,0.1308513236303952,Control
0.0868,2.0580000000000003,36.07015200849552,95.72013559730507,226.3133565090588,18.13908671629016,49.645540045652744,26.43224181398439,0.11141575163141153,0.049246085226840514,0.092263641909654,6,C0001566_SEG_UNCOMP,0.67048,0.94991,1.37961,0.6237074182950587,Control
0.1372,1.855,171.86996960811896,191.49885731209832,651.0786354093274,77.96419797522692,112.208353019804,82.20261935876442,0.3155618171279829,0.053629728061930136,0.07751140327584458,1,C0002104_SEG_UNCOMP,0.73128,0.9124399999999999,1.35628,0.19831567916752127,Control
0.2461,1.939,402.1521984322163,568.7011695711086,1472.5937558950393,212.16747795205762,333.98558169823576,257.42300117072773,0.2871892630980193,0.0796589468035263,0.1127622526465148,2,C0002104_SEG_UNCOMP,0.72473,0.8699399999999999,1.40533,0.16402644886098866,Control
0.2242,2.099,461.04798501659934,552.6432432927023,1334.619961591088,138.17622018134708,327.0243033207461,198.4024238560108,0.21967963399882465,0.07033147407167444,0.13879478311379825,3,C0002104_SEG_UNCOMP,0.7004199999999999,0.82931,1.47027,0.15922198210530758,Control
0.1162,1.9680000000000002,94.22981974831642,115.40911857399564,503.7889000874598,50.46904558271197,86.25375670230261,71.34498796783049,0.33701549783209744,0.0580220107133315,0.06945517605226348,4,C0002104_SEG_UNCOMP,0.7306,0.8317,1.4377,0.2688555368384151,Control
0.3016,2.129,606.8260509751902,1277.3011945951268,2078.4945213676,333.6224369550938,632.5888181076085,386.877701676805,0.1836853207824856,0.0907599223347495,0.17078069313534894,5,C0002104_SEG_UNCOMP,0.66343,0.92389,1.41268,0.37933396254896296,Control
0.1239,2.081,98.14094136834144,134.35976837771855,542.4714068370862,53.80045326089901,94.36591903610693,59.618559026672706,0.3007092022538798,0.04854425809375045,0.0692927276358157,6,C0002104_SEG_UNCOMP,0.68169,0.89971,1.41861,0.1600101188232574,Control
0.1624,1.932,142.45541350649955,434.2935465910208,722.4672645144889,79.6385605904738,193.33722144460359,85.3336793909682,0.13747162992042758,0.0561620848836592,0.1341646951273568,1,C0001421_SEG_UNCOMP,0.6792199999999999,1.00852,1.31227,0.2974052527623887,Control
0.2442,1.942,357.44670348695547,720.2881564128529,1412.0289436434814,206.63392007599973,347.959455196048,230.7991300603309,0.21350038167817265,0.07816550504743068,0.1133850615604855,2,C0001421_SEG_UNCOMP,0.69914,0.94324,1.35762,0.13224664985857773,Control
0.3336,2.359,507.2700270664938,1387.98737837634,2471.7457043487384,281.6117676907233,748.9175764614607,348.0315408225817,0.15465404867928886,0.06600097886945944,0.15491574298486716,3,C0001421_SEG_UNCOMP,0.60378,0.97214,1.4240700000000002,0.09562707285033274,Control
0.302,2.181,421.7574345695868,994.9400534886388,1955.9224149829006,233.1028873485212,566.2393799873878,269.08753360609853,0.1722566758754538,0.06733110690507667,0.1411357340692244,4,C0001421_SEG_UNCOMP,0.6328699999999999,0.98714,1.37999,0.13793321658415394,Control
0.1864,2.09,171.26152181927813,353.31549351069657,929.0435555784964,91.07275680167648,222.32385589982502,129.13335142004132,0.18180345903361425,0.06357768062238635,0.10899354691100006,5,C0001421_SEG_UNCOMP,0.66328,0.95073,1.38599,0.26462657300663817,Control
0.3309,2.1919999999999997,559.0003159795423,1256.5421963871966,2304.3065946716097,300.4528468437635,605.748365781743,331.21233495352413,0.17753920027375247,0.07314431305875818,0.13815732631166044,6,C0001421_SEG_UNCOMP,0.64083,0.9543799999999999,1.40479,0.1833497438365701,Control
0.2878,2.023,544.4627997749393,1114.9690558486893,1804.9935365531878,260.8581652851302,547.4324099224469,310.4740699320392,0.1884365909427047,0.08929764458311007,0.15596127629581996,1,C0001934_SEG_UNCOMP,0.6672600000000001,0.983,1.34974,0.1945952806750316,Control
0.3032,1.949,672.1396602789282,846.6891959398065,1880.0516179051224,251.25983195507519,487.71453830816256,355.8770521778581,0.23096563773755546,0.09420595393998324,0.13338776653930454,2,C0001934_SEG_UNCOMP,0.72391,0.86529,1.4108100000000001,0.0817233792872152,Control
0.3073,2.089,605.9024021875088,1241.709566739482,2016.6059902788238,302.14388025776464,616.7487849991089,369.6281668338102,0.19345317501696327,0.0904836180401105,0.15580622508001854,3,C0001934_SEG_UNCOMP,0.6605300000000001,0.9595600000000001,1.37991,0.1898164569289925,Control
0.2898,1.868,511.7571585776082,813.6301740650896,1694.779405863206,257.64694916403045,467.922456068468,328.9560416865446,0.2374696778311813,0.09852709143621036,0.12988694581726162,4,C0001934_SEG_UNCOMP,0.72832,0.9111799999999999,1.3605,0.12796552414364962,Control
0.2395,1.7930000000000001,360.9880269702792,468.53930356466964,1201.380422410801,176.10729933730744,303.18088326419684,246.51782712770043,0.2745187593868982,0.0957052983200806,0.11007753082660388,5,C0001934_SEG_UNCOMP,0.7631,0.86892,1.36798,0.13501774275450462,Control
0.2504,1.8,412.4515765667493,538.0974790330329,1310.32677758185,194.1867633018372,332.00308820786626,272.93506960820383,0.2632466024446283,0.10347953512745278,0.11321259559042868,6,C0001934_SEG_UNCOMP,0.76043,0.8708600000000001,1.36871,0.16926706381713005,Control
0.2785,1.979,489.6039766954552,976.4248956863304,1691.3246178500542,226.28545411292092,460.94330487039286,247.0275772640001,0.17862633031688582,0.0814573749126037,0.1463504399530064,1,C0001890_SEG_UNCOMP,0.68708,0.9534299999999999,1.3594899999999999,0.15134836823267564,Control
0.1845,1.768,229.5925525109897,298.2931575210578,858.4931382708232,122.15120106571949,203.48766562520612,134.06643295910968,0.2739989844234206,0.06531395325928857,0.1208361672610642,2,C0001890_SEG_UNCOMP,0.77323,0.8598,1.36697,0.2476751563920262,Control
0.1844,1.901,250.06035971923183,302.0128675261268,1007.702162739416,87.43586453413087,155.3363524971692,167.62117926909295,0.21527869691812584,0.0932357368370402,0.07035034683892498,3,C0001890_SEG_UNCOMP,0.76535,0.7794399999999999,1.4552100000000001,0.17268073599691625,Control
0.11,1.8630000000000002,68.71186552805237,104.28672672099293,325.57181816178894,32.23669613377061,58.05496189961559,46.9270973600579,0.19806631444056885,0.06711398538001552,0.08755011486845407,4,C0001890_SEG_UNCOMP,0.74164,0.87661,1.38175,0.11067769109897968,Control
0.11199999999999999,1.806,64.35220090407661,132.00520322037852,297.3000131283169,28.14471937971747,63.43070146911455,40.757272834493634,0.13621119765353978,0.06550045667255439,0.11589599357639856,5,C0001890_SEG_UNCOMP,0.73234,0.94504,1.3226200000000001,0.09131693303311826,Control
0.2202,1.95,294.55449271927506,434.5521939343973,1357.034708216845,138.91948934942224,244.71875079140088,192.32152012835166,0.24685291962324285,0.073140908017739,0.07702155524582684,6,C0001890_SEG_UNCOMP,0.73022,0.84551,1.4242700000000001,0.15127655698144804,Control
0.0754,1.5290000000000001,60.58606032383243,108.2570101947086,229.59752503356881,34.654167143744786,61.318722479966496,33.18269355989825,0.20638251779687186,0.06576358383528637,0.13987220122003866,1,C0001821_SEG_UNCOMP,0.78835,1.0062,1.20545,0.5339194291880223,Control
0.2306,1.921,323.33065223404253,785.7201940477199,1407.0941739839081,181.03250123630147,340.0958566429246,188.61601146094085,0.17235835567605956,0.06444246474083798,0.13238790513267135,2,C0001821_SEG_UNCOMP,0.69298,0.97585,1.33117,0.2390392592093405,Control
0.1948,2.373,185.60308000409057,710.5529334326044,1227.2145799667067,115.77000344539532,371.431288070757,129.67076491529022,0.1264562113883264,0.04910699476453885,0.15762670157695732,3,C0001821_SEG_UNCOMP,0.59235,1.00224,1.4054200000000001,0.3439418170797251,Control
0.122,1.983,77.70926382193616,264.33193534712507,549.7394536994249,51.44463531568029,131.7694980998607,56.15055261642446,0.13431353358984274,0.048167041246702375,0.12284007521244845,4,C0001821_SEG_UNCOMP,0.67094,0.99869,1.33036,0.2578510535983407,Control
0.2765,2.342,279.9638626914893,1364.6916039150785,1757.2699251917402,207.01740266326385,662.2624336636662,211.87908733385242,0.11449850457837553,0.06357895564873467,0.19891584849910834,5,C0001821_SEG_UNCOMP,0.55089,1.1587399999999999,1.29036,0.11940800545390735,Control
0.1406,1.9240000000000002,187.87258121081848,248.6370069427227,791.2423588800311,77.52538543998452,136.74432826778366,101.19240947125931,0.2286841121393383,0.05496783757221984,0.100855235734127,6,C0001821_SEG_UNCOMP,0.73655,0.84636,1.41709,0.390050783474762,Control
0.3258,2.005,547.6959957657102,1197.7242399670508,2134.554871689369,269.8845272649186,608.3161356314572,334.9657336442028,0.17771846153676898,0.07939928973807849,0.1518279900470153,1,C0001808_SEG_UNCOMP,0.6902699999999999,0.92571,1.38402,0.13565363273855752,Control
0.2398,1.7830000000000001,413.12537257536,499.2602553602852,1353.318522501482,181.44302835209962,288.46149179689115,245.3610611050082,0.27952559619733003,0.0846107717341569,0.10836666337164837,2,C0001808_SEG_UNCOMP,0.7811,0.82605,1.39285,0.14626862528549156,Control
0.4116,2.142,923.8474508887517,1827.1482317065747,2998.3224284514863,469.1613931157764,893.8515902556119,516.6462679899544,0.19814666471362008,0.08715618813664272,0.16170964485858674,3,C0001808_SEG_UNCOMP,0.64913,0.9601700000000001,1.3907,0.1678031003486068,Control
0.2926,1.815,575.5506350724403,811.0593607601471,1759.036995182136,268.9208105132294,409.78655180319504,299.30658255564435,0.2565535317827449,0.08543858833146095,0.12329604363176995,4,C0001808_SEG_UNCOMP,0.74556,0.90156,1.35287,0.11889313572200533,Control
0.2624,1.925,490.321163404928,688.5672060200595,1558.1938378878467,223.0354993925769,298.5766977993294,268.8035018597004,0.24035913178053026,0.0921821147634865,0.09482806007727804,5,C0001808_SEG_UNCOMP,0.73621,0.8463700000000001,1.4174200000000001,0.1487954987756323,Control
0.4041,1.8980000000000001,917.854407302039,2006.9524537967584,2735.297748751691,521.7227591323833,995.2411824789759,571.8357119266008,0.17894183666662405,0.11255108468930693,0.19933324356727988,6,C0001808_SEG_UNCOMP,0.67389,1.04708,1.27903,0.13774228777196235,Control
0.2264,1.827,253.2344002125631,468.89885148069123,1171.6712262329754,116.13517629214476,278.89476961868246,159.5550713950625,0.16861639682757013,0.06952639194023957,0.12503395514296045,1,C0001641_SEG_UNCOMP,0.73327,0.92671,1.34002,0.07608270009696046,Control
0.2929,2.0,505.79413429227134,649.5679090282356,1967.6434442385776,234.1160873810076,409.6551279980442,337.6114562191776,0.29692585308227776,0.07240202878537727,0.09872102586297092,2,C0001641_SEG_UNCOMP,0.7220300000000001,0.8340799999999999,1.44389,0.0978081603467509,Control
0.2782,1.882,480.94676735194963,539.9296960566496,1755.2813167452125,237.37492410309682,356.1274584459826,311.35641118012745,0.3380697947968013,0.07415416830721963,0.09690203644104582,3,C0001641_SEG_UNCOMP,0.75578,0.82168,1.42254,0.06282243130840026,Control
0.1973,1.834,249.38121449870647,341.3084059183656,1122.7481552979714,104.46366716754343,164.52830156171777,166.89860526458136,0.212085825378382,0.07673967655144992,0.07139876018594132,4,C0001641_SEG_UNCOMP,0.78075,0.78754,1.43171,0.1884101581148081,Control
0.3298,2.128,582.1628001011946,1059.1923485269651,2325.194600105257,317.45254895193307,602.826265612378,391.1717607674421,0.23733489725418905,0.08319229201634916,0.11934078212497405,5,C0001641_SEG_UNCOMP,0.67015,0.90396,1.4258899999999999,0.1145936331049085,Control
0.2286,2.023,275.09363824856786,563.6441931866304,1345.9837891255286,142.08555498394043,315.62969701316865,179.07785109007256,0.1827592338504032,0.06581340093331138,0.1101080333470004,6,C0001641_SEG_UNCOMP,0.68912,0.91666,1.3942299999999999,0.20558768573801933,Control
0.2657,1.7819999999999998,520.9170955197095,682.4861710933782,1581.3091200062647,211.6404904523537,367.8736069545109,347.3614200504486,0.26430328948660176,0.1117621277996815,0.10771315196785776,1,C0001511_SEG_UNCOMP,0.78476,0.8166399999999999,1.39859,0.13256901755687572,Control
0.2983,2.083,574.5931514524393,987.4136696784764,1933.3704086828384,250.99372635678296,557.4930526928871,351.96503116468165,0.22960794902228,0.08942785486712376,0.1463774035661933,2,C0001511_SEG_UNCOMP,0.6818,0.8977700000000001,1.4204299999999999,0.0844723955523423,Control
0.2737,1.9469999999999998,414.5048904019392,823.9217261409875,1579.241775046705,236.3832622965569,464.0487139712265,299.7361619615953,0.21864507830278448,0.09760300786321008,0.13711887447476065,3,C0001511_SEG_UNCOMP,0.69075,0.96414,1.34511,0.09173365198801037,Control
0.2175,1.798,396.81559763925765,490.8526732826032,1215.925815290173,144.72712904006994,250.94144541056525,199.3935360480945,0.2659127919834445,0.08231611407344741,0.10444923150797224,4,C0001511_SEG_UNCOMP,0.7633300000000001,0.86415,1.37253,0.11582679497855965,Control
0.3922,1.8519999999999999,1064.4421327944813,1524.7082368653894,2773.029941070244,485.8955472819425,763.134743417917,594.5415043486938,0.2523712975377501,0.11263196923271099,0.13961117770836476,5,C0001511_SEG_UNCOMP,0.74216,0.8836700000000001,1.3741700000000001,0.1254965769315982,Control
0.2351,1.6740000000000002,492.5622460447052,534.7224219156722,1306.9379181889262,184.78912371564118,330.17618656688734,272.7425725696509,0.29915890047440696,0.09927189807256756,0.12587980198514093,6,C0001511_SEG_UNCOMP,0.80501,0.84709,1.34791,0.16193161190308208,Control
0.3093,2.605,372.3729022771403,1211.1239653357445,2199.874916469544,246.6948372317799,669.1759589897409,261.5893605025558,0.17003632076399464,0.05838584026823052,0.14596477341621789,1,C0001852_SEG_UNCOMP,0.54448,1.03724,1.41828,0.12917056204466598,Control
0.28300000000000003,2.438,353.04427994162705,1218.9781196724643,1945.8298152081518,206.83976423902408,647.7268246310748,243.73451045887367,0.147556004311575,0.06309401190595945,0.17444750947615725,2,C0001852_SEG_UNCOMP,0.56285,1.06495,1.3722,0.1318295332240028,Control
0.3501,2.7510000000000003,435.6331798377552,1647.16171368443,2686.089268605213,267.73424730248524,848.172510379537,308.15150380446624,0.13747994875409775,0.055905461499328825,0.16352784801835812,3,C0001852_SEG_UNCOMP,0.5263899999999999,1.02526,1.44835,0.11235116947379607,Control
0.297,2.1069999999999998,521.3246744040317,1067.6789342015798,1995.901410103944,264.9830411946241,570.1532584976695,347.9355479768418,0.2131117353187316,0.08791054563018212,0.1441989865221132,4,C0001852_SEG_UNCOMP,0.6711600000000001,0.9149,1.41394,0.14670426819099433,Control
0.2541,2.1180000000000003,375.5340269929725,726.5946182800003,1525.4613589668634,196.38869587040963,411.610656279934,273.3241391424254,0.2248558556839108,0.09470907678608824,0.12345062385086435,5,C0001852_SEG_UNCOMP,0.67702,0.88905,1.43393,0.11076996376926912,Control
0.3302,2.414,488.9186365257431,1657.783934186453,2241.2645355739587,293.1082468171959,817.6423725345236,338.68883331782587,0.13646899555645,0.08904208297381015,0.1933616475894957,6,C0001852_SEG_UNCOMP,0.56099,1.085,1.35401,0.11991885369487128,Control
0.2077,2.0140000000000002,226.39473913304488,416.7259769159694,1162.0794942867667,126.67241610530745,250.35876726202642,163.70462428178257,0.2091373103112701,0.060919941645342285,0.0940586360285208,1,C0001572_SEG_UNCOMP,0.68902,0.9235,1.38747,0.2073134785367757,Control
0.1192,1.885,62.113631870652675,88.32563962040095,389.84492206724167,33.75223544001671,64.1586373416105,47.010438684322146,0.23707958335771925,0.04312695655241084,0.07247574649700705,2,C0001572_SEG_UNCOMP,0.74563,0.8488700000000001,1.4055,0.13852926148038386,Control
0.1769,1.992,149.37923505157553,271.5519197060189,858.4325812655859,83.36483230719867,165.53677765641936,109.78247372958576,0.20218753347919285,0.05501862464244482,0.0820592006380987,3,C0001572_SEG_UNCOMP,0.69224,0.92881,1.37895,0.2030352002301119,Control
0.1538,1.95,119.85687532363207,199.0297598667079,683.0257651954154,75.71927917477899,125.56779215531036,83.27140550746233,0.25621438189393675,0.043447089370976716,0.07518931941374944,4,C0001572_SEG_UNCOMP,0.70641,0.9163100000000001,1.3772799999999998,0.25379689815581913,Control
0.1755,2.083,145.7000943064792,312.3192630856347,847.7746357622383,83.69536995372087,184.81551310614225,91.65789676189164,0.18624321584578604,0.052177180453772176,0.1062603492242774,5,C0001572_SEG_UNCOMP,0.65461,0.9819100000000001,1.36348,0.2355658908983472,Control
0.2288,2.106,351.1565559159969,357.2133679449167,1442.5588014554187,141.82083462749642,263.86753051420015,223.71323085934338,0.2782347858200945,0.06834453415803654,0.07758930084097719,6,C0001572_SEG_UNCOMP,0.69101,0.8537,1.45529,0.3284119641521247,Control
0.1048,1.9569999999999999,48.940160683656025,99.84851295766285,272.28103363850045,29.17466014469047,69.11038724111263,30.757599520666126,0.1929017956193946,0.037565246289098415,0.13534004161175284,1,C0001856_SEG_UNCOMP,0.6735899999999999,1.00841,1.318,0.1427773244793427,Control
0.193,2.1590000000000003,153.27549988498504,390.92890417228114,869.498008631205,99.25279662519648,224.5032844610699,110.22377344455644,0.1842271612674931,0.05413219131117244,0.11598285070594515,2,C0001856_SEG_UNCOMP,0.6429600000000001,0.96885,1.38819,0.3046729122593729,Control
0.1108,1.8969999999999998,58.18049690761611,115.30536950502923,288.68025235720563,26.722630390346275,69.62875788668183,37.68349906851182,0.14644225551952902,0.05354372715570237,0.11322071389939005,3,C0001856_SEG_UNCOMP,0.68684,1.01052,1.30264,0.16155121538650052,Control
0.1544,2.265,91.86784674591316,315.16670333246367,677.9420819148868,70.29967033012538,222.42101099566938,72.31145914190658,0.15358182322660874,0.050268883060628974,0.14727765399921733,4,C0001856_SEG_UNCOMP,0.57924,1.10871,1.31205,0.13106162738256918,Control
0.1124,1.985,51.828383013342716,78.80280022981495,292.31316065188,30.6850366532117,57.49569130920969,31.61445370728529,0.2861203932446778,0.04037038219314208,0.07071593348415323,5,C0001856_SEG_UNCOMP,0.68186,0.9645600000000001,1.35358,0.20835831989850045,Control
0.1003,2.256,44.62273117775485,95.28756565383028,294.56149174053206,27.49551984442348,67.77855687515675,30.479040111211525,0.1872010942681537,0.04113497943192068,0.10329823088509636,6,C0001856_SEG_UNCOMP,0.61185,1.00791,1.38024,0.07861092783266851,Control
0.2152,1.915,187.90726936516086,525.3742078663431,884.377528578094,117.39311310438332,285.6075776315598,127.74000019107449,0.13523754106555316,0.07305573874431669,0.1599224416873616,1,C0001406_SEG_UNCOMP,0.6583,1.08107,1.26062,0.21088264366362552,Control
0.1363,1.6780000000000002,119.3386853493494,226.90446039935568,402.7472100438822,57.354209362724816,122.92065204181438,59.68212019168706,0.14908943458865978,0.06234658320522141,0.156779231256133,2,C0001406_SEG_UNCOMP,0.73725,1.02583,1.23692,0.1853910455683938,Control
0.1801,1.531,211.2215355643246,248.3906508321784,697.7766493285469,96.21618348227925,138.1974612187854,139.7844342710863,0.2737146388298013,0.10139312392371456,0.08262667078656752,3,C0001406_SEG_UNCOMP,0.83216,0.8938,1.27404,0.18845118921221146,Control
0.1989,1.6440000000000001,228.46109585359244,455.44385421857817,837.330147849789,127.13433489018736,206.22327797776938,124.82654561167341,0.1769347173730994,0.07162783414497631,0.11510430174780965,4,C0001406_SEG_UNCOMP,0.75473,1.00443,1.24084,0.21424491867608167,Control
0.1927,1.705,239.2475800546569,401.3800524854746,866.0231230540718,98.47006410209177,186.23471476042724,121.77698798862127,0.1631364298321485,0.07406141796025607,0.09824176751520126,5,C0001406_SEG_UNCOMP,0.75295,0.9636,1.28346,0.221315128847254,Control
0.1446,1.7469999999999999,144.36392297755413,255.60290914659768,549.4311246751478,71.57728950596159,140.6107693920857,67.31801375595371,0.17663566091385946,0.0448528108421331,0.12753069829704253,6,C0001406_SEG_UNCOMP,0.7216600000000001,1.01785,1.2605,0.2551178793926466,Control
0.136,1.96,77.56967647077666,196.3563377632124,441.100520270409,38.90518500163924,78.09831953415673,48.47200987537993,0.11916749493200447,0.04945443227467757,0.08922500382693961,1,C0002156_SEG_UNCOMP,0.69285,0.9488200000000001,1.35833,0.2025474584892956,Control
0.0862,1.788,44.89330511251833,51.64323572852411,177.86460288011105,24.221471353904803,33.97231662062316,24.616458087023048,0.31349498584382396,0.03925923642382821,0.07077389849583712,2,C0002156_SEG_UNCOMP,0.74568,0.9212,1.33312,0.38853690922096257,Control
0.0981,1.954,30.371843052656608,60.5237815133119,183.4854799457523,20.494318565393304,34.16863117913659,20.96211382787245,0.20026223362110385,0.03643264148807253,0.07297348972464948,3,C0002156_SEG_UNCOMP,0.68885,0.96529,1.34585,0.29120186087191,Control
0.1143,2.012,45.62718235661255,104.15610031021887,345.9064064925389,26.53670902564534,64.09802128002936,32.646433086484265,0.1387056850853991,0.0408513318528407,0.07736079737689615,4,C0002156_SEG_UNCOMP,0.66945,0.9839200000000001,1.34663,0.3181055085902185,Control
0.0894,2.01,42.428212963530974,69.71542725967792,224.96598326923905,22.209973130591813,26.735526610275326,22.926523147150373,0.19616764951182056,0.046275901427389146,0.04738545580710515,5,C0002156_SEG_UNCOMP,0.69172,0.9178700000000001,1.3904100000000001,0.3140077530576687,Control
0.0621,2.121,13.801202149865613,25.056499946382882,126.36278482956041,8.926285329116393,15.994143715263961,8.569314866747343,0.20966937912095115,0.026494625228262104,0.05013424195840094,6,C0002156_SEG_UNCOMP,0.66277,0.9313,1.40594,0.4876487283562728,Control
0.1543,1.839,183.06039084996684,247.71154251462863,719.9873062879419,81.46568801730403,164.4916929485735,113.78662444512112,0.2334774078690011,0.08354905680486424,0.11451273134964765,1,C0001839_SEG_UNCOMP,0.74031,0.8981399999999999,1.36155,0.13948660704478594,Control
0.2512,2.221,447.9823416864637,688.1653034289702,1730.3830734937835,184.9755156244746,399.2430206041214,223.590911225053,0.20902585113024585,0.06403806959507141,0.11186439346550024,2,C0001839_SEG_UNCOMP,0.66593,0.8552200000000001,1.47885,0.10619432825632356,Control
0.2619,2.2430000000000003,322.4584547739169,942.1821493303282,1645.8827673416515,225.46615522954812,508.2363010378118,227.55105470390004,0.17532693994497014,0.06751585585582767,0.1565618266398532,3,C0001839_SEG_UNCOMP,0.59878,1.0579399999999999,1.34328,0.16447725235747154,Control
0.1528,2.0869999999999997,178.64802373140222,238.31550598546497,909.6610977286673,96.92578563336893,163.69358152119668,113.26302587865513,0.3077463884733437,0.05045787204827045,0.0730018539355189,4,C0001839_SEG_UNCOMP,0.6983,0.84429,1.45741,0.28968612401392296,Control
0.1781,2.34,196.54181971578632,452.8664780144152,1112.6596897679901,127.15820063718004,263.0795150628407,135.84998884003045,0.21477175945085566,0.059266506574796575,0.1071965111407183,5,C0001839_SEG_UNCOMP,0.6141399999999999,0.94862,1.43724,0.08966346635339892,Control
0.1937,2.11,267.22407335902085,458.1661333740824,1264.3409579323607,135.11701544585034,252.72403097893425,164.5653186431123,0.23119022843703144,0.06131238007127667,0.09617025715969453,6,C0001839_SEG_UNCOMP,0.68378,0.8734700000000001,1.44275,0.16269756063818944,Control
0.039,1.8519999999999999,1.6755882195619014,2.207621461697697,31.87942157663761,1.309783074637444,3.1982326917288475,2.3291299216403263,0.31248157758189177,0.012310394877543826,0.06211939559220006,1,C0002187_SEG_UNCOMP,0.74066,0.88799,1.37135,0.8372045629064626,Control
0.0307,1.661,2.3796207556371445,1.7698055980113925,18.713972729543354,1.2112233911199783,1.5056560135163035,1.9968596018581448,0.3890297291049105,0.0553137894771708,0.01766807327694663,2,C0002187_SEG_UNCOMP,0.8032,0.8627799999999999,1.33402,0.6846188618558006,Control
0.0488,2.008,10.224989810958906,25.26390534470307,77.01447014085352,5.109916004119507,20.263859456325587,5.047406896769303,0.11061573186294517,0.04326756144454391,0.11245202955809898,3,C0002187_SEG_UNCOMP,0.66042,1.01324,1.32634,0.4665769348763392,Control
0.0327,1.859,26.516875067518434,38.506631217112066,154.8283595686303,9.587590724441398,21.3026450541884,21.637397118115143,0.09878389325930463,0.06668887401494908,0.06773422958247614,4,C0002187_SEG_UNCOMP,0.75107,0.8523799999999999,1.39656,0.9253912964443428,Control
0.1149,2.1790000000000003,62.79554851191824,170.54787124225916,518.5794429698758,31.669259563403703,84.63941285573425,42.383045470288735,0.10994200956726227,0.03464639690589138,0.07083867998337616,5,C0002187_SEG_UNCOMP,0.64923,0.9358200000000001,1.41495,0.4359909841750884,Control
0.0527,1.635,16.264505359783875,28.97950908239951,68.373209175545,11.69558375187882,14.38405393798203,10.975225377033832,0.2298160833403901,0.0658053357433595,0.0735673905982437,6,C0002187_SEG_UNCOMP,0.81281,0.8583,1.32889,0.5971004145570226,Control
0.1776,2.095,109.2096662716048,357.24016808625663,736.0043154077663,65.01678515156381,201.9765988134649,79.99867214367437,0.11696398065877545,0.04746919300584733,0.13849984324503484,1,C0001546_SEG_UNCOMP,0.6554800000000001,0.9713200000000001,1.37321,0.2629510288445375,Control
0.1861,1.9380000000000002,145.46418064327563,390.1955163532354,879.2545556854933,99.62457596175837,200.2510639184036,98.2070816155712,0.16998249901818352,0.0448872027468168,0.11259013261628878,2,C0001546_SEG_UNCOMP,0.68279,0.9939899999999999,1.32323,0.282564260360012,Control
0.0921,1.75,72.98877100647174,100.77992271598372,240.879266348125,24.85556482397258,48.8424283425566,36.25158366002911,0.1350090717886107,0.07675010689586778,0.09607346035988916,3,C0001546_SEG_UNCOMP,0.76012,0.90996,1.32992,0.4035157002230737,Control
0.0765,1.929,36.16449991578854,97.15081310126959,247.04730538352558,25.090936135413795,61.070692778572294,26.858866198810173,0.15477290693543008,0.050501926717669336,0.12859845397960687,4,C0001546_SEG_UNCOMP,0.6874100000000001,0.98675,1.32584,0.6237009048377532,Control
0.0616,1.706,28.61792203936081,33.57185120130965,117.17603293051435,13.483188767441733,14.133098501448073,12.018862192944225,0.26143280057926443,0.05053292334699152,0.030184735640011406,5,C0001546_SEG_UNCOMP,0.76137,0.9394,1.2992299999999999,0.3585995123054245,Control
0.0469,1.839,15.456389125168743,50.760499434967784,134.83858264726314,12.578599791960368,31.730870498593397,13.53574696670498,0.14513851618935575,0.03619253476977668,0.12094730744813093,6,C0001546_SEG_UNCOMP,0.71959,0.95714,1.32326,0.7497576508806956,Control
0.2779,1.966,372.13775876821154,822.5100191475486,1523.98121808285,184.07019714754009,443.2489763696943,227.08365582847333,0.1721800497925638,0.07599481898443637,0.15058815502761802,1,C0001753_SEG_UNCOMP,0.67989,0.98375,1.33636,0.16916865415197546,Control
0.2802,2.072,397.3173943826889,825.3341706017877,1833.4522516963655,218.8016585519984,482.4543987795722,268.8347876306524,0.20976409318495268,0.07092069061167842,0.12393448863674733,2,C0001753_SEG_UNCOMP,0.66728,0.94989,1.38283,0.16649960642803138,Control
0.292,2.0909999999999997,391.46649583390746,967.7203824224298,1655.9573147492824,196.36200555603318,506.7657596754447,235.7275604483824,0.1605450054796395,0.07423722473918416,0.15644316874568373,3,C0001753_SEG_UNCOMP,0.6470899999999999,0.99977,1.35315,0.10056278645698176,Control
0.3955,2.318,706.8070571333348,2039.9373255054559,2892.1663879957805,426.5823634875223,1023.9438875224274,461.1945594698275,0.1582892764435679,0.08586466689910799,0.1863189554780445,4,C0001753_SEG_UNCOMP,0.57594,1.08922,1.33484,0.15526034701652852,Control
0.2096,1.723,264.2442852131379,359.39125591842765,934.7314588032524,115.97023518691229,208.893206932882,176.91067905174708,0.22511102433545926,0.09882933333368,0.10689388268271846,5,C0001753_SEG_UNCOMP,0.77761,0.8826200000000001,1.3397700000000001,0.10671232513453947,Control
0.3526,2.09,582.6188269861392,1567.8135563736832,2306.0320517981727,378.0795409527042,821.9699678223271,396.43922988283583,0.16548624543999474,0.08440613366098572,0.19008527432426486,6,C0001753_SEG_UNCOMP,0.63155,1.04869,1.31976,0.17149134320170314,Control
0.2037,2.315,233.61395702157432,383.99354275990083,1257.163872769486,107.16425926492883,237.06891735721817,165.8541008093783,0.22117188599978946,0.06433341214318967,0.0842226913597637,1,C0002198_SEG_UNCOMP,0.65458,0.83021,1.51522,0.12686041328557815,Control
0.1008,1.8330000000000002,92.74040236248615,161.8698606588161,487.8435725517832,53.21383996216646,99.79643764613846,59.56144335083923,0.2223977286693405,0.060300667680513835,0.08298877246337527,2,C0002198_SEG_UNCOMP,0.7237899999999999,0.9492,1.32701,0.1993557701446817,Control
0.2092,2.096,282.00256945688824,547.6717857569237,1296.0682768685415,148.20418402378272,301.6047990079112,166.16568555191802,0.22269243704049205,0.06138869856678575,0.1126692845878296,3,C0002198_SEG_UNCOMP,0.6782100000000001,0.9001299999999999,1.4216600000000001,0.17235757280886144,Control
0.1384,2.15,94.54030988899574,327.8945666990116,585.1617055453652,62.365953791340935,185.06774744214272,74.71933348001033,0.13222595353508598,0.07252086710357525,0.13994458547014266,4,C0002198_SEG_UNCOMP,0.60815,1.08425,1.3076,0.2232193435887952,Control
0.157,1.9569999999999999,204.65072481165126,369.5355044297771,906.6373584825212,99.69383909737331,196.3510592929372,108.75529336604116,0.19881684616402776,0.055344006698981235,0.10856804427077914,5,C0002198_SEG_UNCOMP,0.70049,0.9284100000000001,1.3711,0.27473499879485663,Control
0.175,2.3,169.44074598791246,404.6824827776904,979.1361307641316,79.41614112760297,241.0107334099669,114.2667417828246,0.15608752685396896,0.05553719726872175,0.1183678002945618,6,C0002198_SEG_UNCOMP,0.6329,0.9117200000000001,1.45538,0.21331601412416026,Control
0.0954,1.85,53.260063441181174,91.12480141986653,273.64605567578707,28.14087625741744,61.15935651283221,38.347356497115,0.19025757585407188,0.06408433108318128,0.11208657173414954,1,C0001792_SEG_UNCOMP,0.72622,0.93,1.34378,0.28299447360135177,Control
0.1344,2.0269999999999997,88.19678403178591,197.54162389437766,589.3023585610407,60.76921973884284,129.17399370170358,72.35829586898396,0.20609832275456047,0.05214900878405807,0.08742691568961937,2,C0001792_SEG_UNCOMP,0.68124,0.9381,1.38066,0.3045186875723809,Control
0.1699,2.283,115.90455112587534,346.0617511060913,815.0241694538906,77.033541330785,207.34868076485557,91.0629425022752,0.16107938206687766,0.05475803207576148,0.1113738150262436,3,C0001792_SEG_UNCOMP,0.60887,1.0010700000000001,1.3900700000000001,0.2723649505870729,Control
0.1338,1.993,86.48678481867522,150.0659710322814,622.1881459120087,42.759279085482056,99.05119726530927,72.89945187785138,0.1910386814627987,0.05477419942557185,0.0687679828456611,4,C0001792_SEG_UNCOMP,0.7229399999999999,0.8359,1.44116,0.20461657548044598,Control
0.1177,1.994,66.05639319606118,117.7552754578943,370.12766921005766,37.014549852218316,83.65959700643594,44.21348988082443,0.2095446845975432,0.06333549424152732,0.09902403303110298,5,C0001792_SEG_UNCOMP,0.6552,1.0386,1.3062,0.3211024533132573,Control
0.1514,1.9269999999999998,136.1439891091728,157.49959359031,720.4864905503398,70.77255711813669,116.5448400005068,94.59436399311231,0.30612252069676266,0.04533226339644378,0.07807321744433235,6,C0001792_SEG_UNCOMP,0.74778,0.81121,1.4410100000000001,0.16959938410722258,Control
0.2999,1.9809999999999999,578.0620999683737,693.2715979897116,1995.262457164343,285.40524409913684,457.3186187585114,389.04690307655466,0.32426769553836643,0.08618576204037852,0.10138601222390872,1,C0001944_SEG_UNCOMP,0.72621,0.83515,1.43864,0.09017319559522838,Control
0.3608,2.327,636.8323006274005,1459.5929962058826,2593.049002404726,352.98626351886236,767.8913743855902,415.2415058908706,0.1908338797200023,0.0798964498968543,0.1509972962657517,2,C0001944_SEG_UNCOMP,0.61729,0.94647,1.43624,0.10242035339462706,Control
0.2767,2.186,331.6383240792435,730.9682879670175,1649.5490087247974,183.235067548304,446.9534792300993,229.73590544423,0.2136129826249508,0.06219358758482847,0.12341251731124114,3,C0001944_SEG_UNCOMP,0.64237,0.9535100000000001,1.40412,0.054672698445830274,Control
0.2163,2.364,175.0927907404857,444.8752877434532,1260.7679653889834,110.85464141157956,271.9585901265028,133.58639799468102,0.1930777834605394,0.04734888331087934,0.09645625789805866,4,C0001944_SEG_UNCOMP,0.60937,0.95011,1.44052,0.09494479107937988,Control
0.1987,2.175,175.36725534301846,394.89423731479934,1061.1759743272128,113.66102405078009,258.03462319675333,130.56667339067926,0.22132881681130065,0.05042841863834735,0.10799816840467348,5,C0001944_SEG_UNCOMP,0.64276,0.9591299999999999,1.39811,0.15467347319782854,Control
0.2776,2.259,339.16199541888403,805.5532539287401,1779.1980995948236,180.21308523072784,458.6614450137412,231.4949428871389,0.1756498766546287,0.05877760769299635,0.12734182774590566,6,C0001944_SEG_UNCOMP,0.63583,0.92771,1.43646,0.17874255465786754,Control
0.1127,1.9240000000000002,71.70069647456721,126.08924911685726,364.60306059197745,40.17264627155072,76.81099410813842,45.83402393929562,0.20077719119486653,0.040734682222631616,0.09753592930022206,1,C0001552_SEG_UNCOMP,0.70505,0.9383799999999999,1.35657,0.35353393122092003,Control
0.2584,2.0140000000000002,445.3785413117189,668.3767006922701,1677.6397572165195,217.60092151715062,371.8161164432933,308.2674449893682,0.24343464856643204,0.08044833973922014,0.1103996656003212,2,C0001552_SEG_UNCOMP,0.7177100000000001,0.8369,1.44539,0.26252424088938675,Control
0.0783,1.801,25.349183496509852,54.24456321616453,167.91422249564687,16.307516003055166,29.050582237856755,15.375398846866007,0.16916361300315622,0.034402515000005164,0.07373259467818145,3,C0001552_SEG_UNCOMP,0.73698,0.9357700000000001,1.32725,0.4634889884601389,Control
0.2214,1.901,273.26338614328955,338.56331567163863,1296.925938040334,128.87327910401268,222.9753936022951,211.82161084877416,0.27704164475634585,0.06434715248398487,0.07624466129926391,4,C0001552_SEG_UNCOMP,0.75957,0.7965,1.44393,0.2415541407805581,Control
0.0936,1.7930000000000001,35.84744465548313,58.929472334861536,212.90035308433963,19.937701356257307,36.28924334742916,24.105582626829577,0.19994449499356914,0.04750896487697325,0.08561101474555997,5,C0001552_SEG_UNCOMP,0.74932,0.90728,1.3434,0.26491316010997684,Control
0.2202,1.913,297.36433126997883,476.4095140854717,1252.6791734967576,165.53639814379838,273.9594201847443,203.08791315326042,0.22856942037146105,0.07413999129991934,0.10212588230178997,6,C0001552_SEG_UNCOMP,0.72837,0.8783200000000001,1.3933200000000001,0.29603843706148764,Control
0.1821,1.994,183.43125556730863,403.2676882926146,815.8753388242026,92.73919009354178,211.3406630513613,123.80445183427679,0.17402627127099793,0.07233769043713548,0.12434758290299698,1,C0001896_SEG_UNCOMP,0.6822600000000001,0.9575799999999999,1.36016,0.17077865858058933,Control
0.2025,1.999,250.3061298525573,493.10138489045744,942.7927180857167,131.10772638402884,300.08964077184015,159.65608451396983,0.18062691603639824,0.0874437281153354,0.15057335242819125,2,C0001896_SEG_UNCOMP,0.66761,0.9975799999999999,1.33481,0.23326442825526075,Control
0.11199999999999999,1.614,101.30407449189121,163.68742180690427,315.84348474145764,52.87904247566775,94.86992363924908,60.585688254728495,0.17691761554391408,0.0892087138149159,0.14291862788308035,3,C0001896_SEG_UNCOMP,0.77928,0.9632,1.25752,0.2861993946992137,Control
0.2195,2.15,271.59258602402326,513.0018334869098,1336.7164472562476,157.53531895816678,307.26397335786066,198.6613798274473,0.21972639355406656,0.0676200861643781,0.09747773309938614,4,C0001896_SEG_UNCOMP,0.66789,0.8963399999999999,1.43577,0.18477405370319847,Control
0.3027,2.121,627.4155246834034,1154.905620151745,2095.945396952241,306.0671201409177,554.4172089598815,373.62327770799226,0.2109202092771123,0.09539928992882496,0.13345331322366755,5,C0001896_SEG_UNCOMP,0.67167,0.9040100000000001,1.42432,0.18995653105519664,Control
0.2541,2.1390000000000002,356.20483135457533,675.262146704136,1640.2050615959383,213.8053414415321,409.3374955645304,264.48974424309284,0.2556778842719771,0.07120739950077577,0.1031454689951501,6,C0001896_SEG_UNCOMP,0.6691,0.89992,1.43097,0.16636950977726558,Control
0.2526,2.299,349.08287790915665,845.6792260297934,1783.3936037773974,216.40187229672887,497.9560262196069,243.99080811570246,0.2176279522085416,0.059706104654277815,0.1293228807780161,1,C0001862_SEG_UNCOMP,0.61452,0.9725799999999999,1.41289,0.1481718035663435,Control
0.2934,2.296,509.81297059492204,917.5025473572913,2121.601362743259,266.53105027395964,562.9124106602492,332.3433685162147,0.2416290842564409,0.0662216645323943,0.12094586966670352,2,C0001862_SEG_UNCOMP,0.63736,0.8992100000000001,1.46343,0.15726894490573154,Control
0.2306,2.046,360.362568586182,593.1002603104413,1553.0516616220154,204.8638740099868,361.6673575625537,248.31442193991413,0.2944362637030845,0.06711841491729678,0.09916556780978032,3,C0001862_SEG_UNCOMP,0.69743,0.87565,1.42693,0.1977010667459164,Control
0.3275,2.303,597.929818574529,1274.385272801908,2433.91290879221,301.45764489131125,742.2728197205763,378.5184989929565,0.20684986595057656,0.07468302609545696,0.14800867461862108,4,C0001862_SEG_UNCOMP,0.62616,0.93176,1.44208,0.16526585574299746,Control
0.2435,2.228,403.39073341085486,861.2916231039023,1741.374597117737,202.05374962669117,517.7735787117988,267.9397454606444,0.20274678609401672,0.07081564428963448,0.1396985404073373,5,C0001862_SEG_UNCOMP,0.64131,0.92975,1.4289399999999999,0.1040029821784833,Control
0.1739,1.74,244.18006318392503,305.7061918738812,919.8233125370517,124.95589485441387,204.6596967202473,161.28683277009608,0.323558729187985,0.08197948543317664,0.09891464269119858,6,C0001862_SEG_UNCOMP,0.77468,0.87754,1.3477700000000001,0.12529798482623158,Control
0.1322,1.629,88.21010621391348,137.89859667761564,317.01632006761866,33.41089690636189,62.604156114894934,48.36913545903883,0.1417244197345982,0.07334624199346307,0.10169476680789914,1,C0001696_SEG_UNCOMP,0.78532,0.93555,1.2791299999999999,0.21221198193132065,Control
0.1454,1.619,98.59475033519631,164.67247452535256,354.4297209415062,48.05959315563757,74.84218470123416,50.61497360540386,0.1758068813605998,0.06217329404048221,0.09266228247211053,2,C0001696_SEG_UNCOMP,0.7759199999999999,0.9676299999999999,1.25645,0.3101195140203118,Control
0.1457,1.845,93.378447042501,160.0127773083087,403.4480722246336,42.05935692656541,90.97204492229832,47.25017965974514,0.18311294003059114,0.05035596137155522,0.1053318171890506,3,C0001696_SEG_UNCOMP,0.71315,0.9711799999999999,1.3156700000000001,0.21437579018157388,Control
0.0859,1.787,30.13033359236777,58.943782212201775,218.8474700807724,18.69484163141465,32.46268010475628,20.681492107041766,0.1822184150947412,0.03839221021344458,0.0565291916815587,4,C0001696_SEG_UNCOMP,0.74069,0.9359700000000001,1.32334,0.31910384389861435,Control
0.2147,2.079,172.30942836128983,408.8705809015668,891.5159982476198,100.59261032558732,228.7408627991108,109.18456999058408,0.1788044551433476,0.05437967863368592,0.12007867612937805,5,C0001696_SEG_UNCOMP,0.65649,0.9785,1.36501,0.18727396261790247,Control
0.1888,1.906,135.0907696845034,303.5264105952253,644.8815011217014,68.44961657830089,161.92804981174126,84.84311476584992,0.14625691098014496,0.062307354279247676,0.11136292719824736,6,C0001696_SEG_UNCOMP,0.6897,0.99564,1.31466,0.18663979600655325,Control
0.3281,2.15,498.4276888110872,1421.1269793398644,2186.888555976363,270.7933085167969,701.7907067642567,317.2769230993408,0.1563830157600103,0.07529081882154115,0.1666589050337457,1,C0002094_SEG_UNCOMP,0.63334,1.0052299999999998,1.36143,0.13387987619983066,Control
0.2247,2.231,206.0562207738517,908.1230824974748,1421.7724201149906,140.84124491162908,474.5983633003223,154.5075594527371,0.1055203328656647,0.05120073099375738,0.17805402664324407,2,C0002094_SEG_UNCOMP,0.6050399999999999,1.04501,1.34995,0.1523259424073265,Control
0.2215,1.953,326.80558965889304,688.1776642792228,1307.1355870677255,170.66215859720327,387.8347616952595,217.82103889273887,0.19919601547079646,0.07698639082790497,0.1455309501172555,3,C0002094_SEG_UNCOMP,0.69809,0.9386,1.36331,0.2555942676049812,Control
0.2312,1.892,356.24983302616545,627.7819701039087,1301.227275873531,220.2489286049617,378.66219034710883,225.8110060768829,0.2686890482895513,0.06971563618541192,0.13891871566920092,4,C0002094_SEG_UNCOMP,0.71714,0.92595,1.3569200000000001,0.2393056923909508,Control
0.318,1.985,638.7474139633853,859.8456184770148,2160.1262947430164,244.7951080168976,507.5411949573709,338.20739961671035,0.2198112493341601,0.07370580055954565,0.12466040458329647,5,C0002094_SEG_UNCOMP,0.71613,0.8624700000000001,1.42141,0.09433171379315357,Control
0.1621,2.0469999999999997,205.2762988735368,404.9283228758802,923.1502096059463,79.96079404544665,230.70270223142958,115.21661163367297,0.14165396713607695,0.06900269344329253,0.13569485786168234,6,C0002094_SEG_UNCOMP,0.68486,0.9134899999999999,1.40165,0.1879706641672539,Control
0.2038,1.944,236.02202592800847,376.9200351829069,1026.127176700877,100.01036784263927,193.33847617575498,128.02308941000726,0.19891854604319828,0.0684919761669578,0.08969388563676015,1,C0001844_SEG_UNCOMP,0.70367,0.9285100000000001,1.36782,0.15909215370640087,Control
0.2698,2.072,419.6765703274947,714.0060085582656,1695.387994783549,197.6956153866735,346.27697486749986,246.09695074803832,0.2087047489835552,0.07608004038948284,0.09884856355427593,2,C0001844_SEG_UNCOMP,0.68414,0.8984700000000001,1.41739,0.17926897737516398,Control
0.2029,2.0180000000000002,165.30910311923677,357.6045073471472,828.9633105559982,91.28874304380672,206.89478306677262,105.36325099173722,0.19265919325899933,0.05440879141368263,0.11449588078619545,3,C0001844_SEG_UNCOMP,0.67182,0.97236,1.35582,0.1814455667126158,Control
0.3269,2.074,665.0019911981094,850.1074675038043,2242.2807536119612,301.116678689193,510.1373768870628,395.04408327711644,0.2661257859090144,0.08186230856134945,0.11110501740171927,4,C0001844_SEG_UNCOMP,0.70445,0.83431,1.46125,0.2266456470306577,Control
0.2272,2.092,207.586387130122,610.6732730171221,1091.0777075474948,149.74128662231786,351.9893702888027,154.21897313661395,0.16553950286013286,0.06396838091809627,0.1552281614452817,5,C0001844_SEG_UNCOMP,0.6362399999999999,1.0325,1.33126,0.23045115496219745,Control
0.2724,2.146,335.4978152098588,718.978553008624,1480.2061221129966,203.059842227742,404.94497677221113,221.96731145739048,0.19740830731253967,0.06316952797814089,0.1335003890750996,6,C0001844_SEG_UNCOMP,0.64447,0.97275,1.38278,0.21188173089505635,Control
0.2005,1.912,331.58337022205865,568.8393315752205,1145.4563221878755,149.6491255108857,301.45220814440427,170.61626115768613,0.21634819037197306,0.08088390071525806,0.13375384747496305,1,C0001592_SEG_UNCOMP,0.70568,0.94489,1.34943,0.16990285934286392,Control
0.2264,2.025,345.9369599022461,743.9159259214177,1325.9423671651607,177.52058421995144,391.44634255401047,183.07091127714176,0.19769712448957893,0.07415325760901133,0.15766344578809238,2,C0001592_SEG_UNCOMP,0.66684,0.9828,1.35037,0.16947400713968336,Control
0.2056,1.9909999999999999,355.6044702087259,502.3631719018858,1288.4963050136778,166.02930899766338,300.3356899579798,187.0060314159726,0.26409299207218484,0.06247584988828817,0.12308056327606155,3,C0001592_SEG_UNCOMP,0.70175,0.9013399999999999,1.39691,0.235953536407968,Control
0.3105,2.241,566.2704462540515,1318.7421273900588,2195.481715249638,288.7945649756073,661.4410908672454,346.57778135652376,0.17385517453471602,0.08311864796631388,0.1587089058951992,4,C0001592_SEG_UNCOMP,0.63051,0.95681,1.41268,0.12574278460895502,Control
0.2328,2.142,449.22295880685965,757.7834180810443,1543.9949284355976,186.1655596298032,371.07174555483437,250.75436435924712,0.1917011862331506,0.08676686673506774,0.12443790642000528,5,C0001592_SEG_UNCOMP,0.67514,0.8785799999999999,1.44628,0.33807889234306177,Control
0.2656,2.1180000000000003,526.9646836717044,924.8237663120717,1851.796653344502,243.4062432305661,501.5603888027217,321.2069323459622,0.21659069138876602,0.08043754908309546,0.14334167714761634,6,C0001592_SEG_UNCOMP,0.6842,0.8667,1.4491,0.28995379460048376,Control
0.2757,1.829,514.5975604360483,745.1580292115508,1732.1786187303796,218.09019846292682,373.6747065866277,291.9240490977497,0.2370944011745985,0.08942219591675946,0.10972121879640476,1,C0001927_SEG_UNCOMP,0.7588199999999999,0.85311,1.3880700000000001,0.10463610287984344,Control
0.3223,2.0980000000000003,546.1442298317601,1188.0380464854006,2141.197005609958,273.2190581223238,619.5631574862955,352.03134843731226,0.15843776472138138,0.08599109194114979,0.15136319111446106,2,C0001927_SEG_UNCOMP,0.65725,0.96357,1.3791799999999999,0.18979509935786645,Control
0.2794,1.837,466.30482940132936,863.8665446455153,1560.8371622382026,229.88893215370152,449.75972743852753,247.66852524315,0.20191378423983194,0.08313453046763104,0.1455553827074186,3,C0001927_SEG_UNCOMP,0.71186,0.98054,1.30759,0.1270386764384708,Control
0.2761,1.6909999999999998,552.663792034042,733.3276276459952,1655.0056353221896,229.1177779227021,375.95850526952853,287.12414842674576,0.26663288813951824,0.08686007294139242,0.11812623522124488,4,C0001927_SEG_UNCOMP,0.78276,0.89355,1.32369,0.11598835875674048,Control
0.3315,2.063,530.9646988667946,1368.8353316857206,2008.5329110106952,319.9559648236761,689.2023888126117,345.7254691145195,0.16478036058759893,0.09526268642184696,0.18109069766028071,5,C0001927_SEG_UNCOMP,0.63825,1.0452299999999999,1.3165200000000001,0.1140421181056811,Control
0.3122,1.992,472.08867485858,1094.3341250856495,1901.5847377333075,292.2220125413749,600.2736115465036,298.9840085898353,0.20452764734919845,0.07609921224738525,0.15150943534082625,6,C0001927_SEG_UNCOMP,0.65208,1.0493,1.29862,0.0748359149145955,Control
0.0693,1.982,29.47714776977313,53.865621002573526,166.1041763280454,17.533785138731638,33.745261178102695,18.940950155747945,0.16960226769568615,0.04371024566199549,0.09077821399817404,1,C0001635_SEG_UNCOMP,0.67803,0.97839,1.34358,0.2211688523601256,Control
0.092,1.78,62.54275843809539,129.38864595206024,331.6724872838767,28.403562617997324,52.777527974002645,28.941728257386323,0.15846947011756515,0.0421718246550923,0.08106342363885746,2,C0001635_SEG_UNCOMP,0.74874,0.91875,1.33251,0.18918374853983846,Control
0.0688,1.87,42.68256501825636,58.317535958809,288.1479782115341,25.064087128167905,39.30493373480515,23.802349940126124,0.28096951995113445,0.03625771981275848,0.05437870275339012,3,C0001635_SEG_UNCOMP,0.70327,0.9816,1.31513,0.4842711850114103,Control
0.0856,2.016,44.059414849694264,95.88063238055572,264.7841362491874,30.65720514079381,67.24627567727235,37.11479523804229,0.18013325584773565,0.059637953710412375,0.0965272110677891,4,C0001635_SEG_UNCOMP,0.66646,0.99013,1.3434,0.3067508159865357,Control
0.0754,1.651,66.83227968005765,117.5872048129961,243.59046566989122,32.72191193732151,42.37866180295772,29.183756804073443,0.19685358263879432,0.06582096168150901,0.083035054866294,5,C0001635_SEG_UNCOMP,0.77323,0.9505100000000001,1.27627,0.45587711535068,Control
0.1464,1.83,166.46509115046098,330.6390311363231,693.7939857306378,79.88647803110116,140.8418827886825,85.81997708781749,0.1512183504539355,0.06365296458714265,0.10116350782071057,6,C0001635_SEG_UNCOMP,0.71755,0.96955,1.31291,0.27035973261492074,Control
0.3257,1.99,712.5927537938913,982.6379797806748,2268.4978354488385,338.45516430808965,552.441473872792,467.6552634026588,0.2792211455257181,0.09796072540770713,0.11390304177129446,1,C0002152_SEG_UNCOMP,0.72115,0.84345,1.4354,0.13695488212165036,Control
0.3565,2.141,710.2374269370589,1142.1918683218275,2564.389223691558,391.4326729174728,672.3739567264684,482.2667572603624,0.2741031566366868,0.08600772860889756,0.1190650073387524,2,C0002152_SEG_UNCOMP,0.67875,0.8679899999999999,1.45326,0.08451663144300907,Control
0.1977,2.171,190.07408469996525,499.02210408169714,990.6146140317333,104.05016396895081,262.14895691023395,128.84203796674223,0.15742509136718466,0.06039557862188408,0.13314462458973478,3,C0002152_SEG_UNCOMP,0.63495,0.9864799999999999,1.37857,0.24094118583976604,Control
0.2291,1.85,376.91618525653536,434.9906831569048,1388.764532220553,194.09263225475868,264.8409671996143,255.90452040030624,0.33972419433436635,0.08286321890127216,0.0784138812507298,4,C0002152_SEG_UNCOMP,0.7672899999999999,0.8132,1.41951,0.2331423344555554,Control
0.2075,1.829,248.9934633473096,540.4086563257705,1101.5036595731149,153.15333865371122,321.8431357650528,178.7407441443384,0.1950747173179698,0.07485254536419207,0.1501340666140771,5,C0002152_SEG_UNCOMP,0.72007,0.96291,1.31702,0.19886624696906446,Control
0.2054,2.056,247.16730564161918,500.59537839425553,1147.2347061516175,135.78046424941343,274.6944272339046,160.7583519244574,0.19465160912035973,0.06948390422812467,0.12700021923376345,6,C0002152_SEG_UNCOMP,0.68037,0.9209299999999999,1.3987,0.15897643020290927,Control
0.2905,2.064,463.05952839181305,967.5797821921412,1747.7394947298162,209.72216668531448,484.48370330341623,279.11681408653453,0.1703658051151919,0.08878884877224141,0.1382961637359026,1,C0001867_SEG_UNCOMP,0.67673,0.92666,1.3966100000000001,0.14209431049687607,Control
0.2571,1.88,431.67785519207877,613.6672194548113,1573.3934061643115,188.7132989131528,308.50850414864016,249.17177700631402,0.22306479588895664,0.07913485723541731,0.09244016007675684,2,C0001867_SEG_UNCOMP,0.74293,0.86014,1.39694,0.17470072927270666,Control
0.2884,1.915,501.9610158387445,822.0105099391149,1761.830776068891,242.813713996057,381.9039751286477,279.81646954292216,0.2090952923153701,0.08073288847661672,0.10579484018466837,3,C0001867_SEG_UNCOMP,0.72601,0.8839100000000001,1.39008,0.1679444838173128,Control
0.2761,2.1319999999999997,375.98055001473364,975.3707309438668,1634.6381931321362,185.68126907214688,475.2483336788831,233.02720082806061,0.14446972028994767,0.08308761007380945,0.14674467192644866,4,C0001867_SEG_UNCOMP,0.64581,0.9771799999999999,1.37701,0.10814752987151988,Control
0.2796,2.113,396.47010362239337,699.0413998173026,1762.1677619304514,222.6036114363913,401.5501191248187,253.7173178654517,0.23857278827213,0.06661176338979256,0.10683769599692916,5,C0001867_SEG_UNCOMP,0.6728,0.90548,1.42171,0.08070375940492971,Control
0.2376,1.859,360.80557941126364,572.9192338249093,1289.9456803974049,159.93840222734897,235.7414943815268,180.95782440230087,0.21178224870262752,0.07788893772903119,0.08983509310616493,6,C0001867_SEG_UNCOMP,0.74021,0.88405,1.37574,0.1327964447528486,Control
0.163,2.181,149.69853275581275,310.6972211939585,811.2675514761627,86.0715871925584,223.3441396152724,97.66039046407414,0.1978756223996535,0.053579259775141455,0.12899447398963634,1,C0001831_SEG_UNCOMP,0.62487,1.01234,1.36279,0.25439735019966536,Control
0.0657,1.617,45.887063504115524,62.87872190846771,118.83429063917058,19.73025585777464,26.32418372307536,19.453796209505388,0.1987462523921594,0.09071115787564993,0.11603676089621914,2,C0001831_SEG_UNCOMP,0.7643399999999999,0.99959,1.23607,0.3349042615980476,Control
0.1349,1.72,172.75412024720134,250.07457080585843,572.4749659916449,84.37195244095919,103.69832605446364,83.50392800684584,0.2449697965522969,0.07650084266370531,0.0824401527254069,3,C0001831_SEG_UNCOMP,0.75889,0.9358200000000001,1.30529,0.3330365448456988,Control
0.0979,2.135,57.10876413876482,109.65870681671305,384.6200512559573,36.63236563769612,89.64610214548655,39.430453919504146,0.2284113728730633,0.032579621680393266,0.12293889391036444,4,C0001831_SEG_UNCOMP,0.64423,0.98056,1.37521,0.3004136276354536,Control
0.0688,1.5759999999999998,33.070280637825796,75.4175839801832,129.36756231101234,17.705378012321027,25.654503177327644,16.77505861479812,0.13809186445883495,0.06741090698818226,0.09878479195960337,5,C0001831_SEG_UNCOMP,0.7826,0.9841799999999999,1.2332299999999998,0.3548265667711917,Control
0.0685,1.945,25.712521442709605,55.77259110523016,138.4209324262487,14.690524347720736,33.105683625857395,18.43597164735252,0.15120029047309969,0.07927410919421374,0.12932563010326428,6,C0001831_SEG_UNCOMP,0.67766,1.0045,1.31784,0.5171467625946999,Control
