BV/TV,ROI Number,S11,S12,S13,S21,S22,S23,S31,S32,S33,S44,S55,S66,Scan,Variation Coefficient,m1,m2,m3
0.0723,1.0,47.35931081687891,15.114402842651623,17.643701679372505,15.114402842651623,109.89241804923608,22.121560571198078,17.6437016793725,22.121560571198078,215.82036074607834,78.65637437851146,55.689907497426326,36.83961489225666,310101_C0000118_SEG_UNCOMP,0.5443958783192407,0.7216100000000001,1.00072,1.27766
0.0398,2.0,32.52815660292886,6.8663797979278804,7.362894421207751,6.86637979792788,82.13604737466027,33.182835451933464,7.36289442120775,33.182835451933464,102.46194117891855,87.03125665258028,27.73367201844246,20.892817503892747,310101_C0000118_SEG_UNCOMP,0.9352888551680374,0.69081,1.11524,1.19395
0.1711,3.0,149.44519514916098,72.03002689655492,65.07221959189519,72.03002689655492,363.24399927454346,145.82412090067137,65.07221959189519,145.82412090067137,726.2532319922458,391.41389252391366,169.2163301876346,172.61088949946026,310101_C0000118_SEG_UNCOMP,0.22005148034569966,0.7245199999999999,0.9940200000000001,1.28146
0.0795,4.0,40.86782786180361,8.72947324472364,22.569212876501815,8.729473244723641,59.24089779892372,29.399370654733957,22.569212876501815,29.399370654733954,309.645684619591,98.86536318338864,47.99879633713194,28.713726221618927,310101_C0000118_SEG_UNCOMP,0.2674421420847708,0.7338399999999999,0.8841899999999999,1.3819700000000001
0.0705,5.0,37.731715018680205,13.681314552352488,24.924802035497745,13.681314552352484,65.79732034551692,30.848252844775182,24.924802035497745,30.848252844775182,273.16550994831954,87.3773822912709,62.8940868317534,38.63065805220692,310101_C0000118_SEG_UNCOMP,0.4046453816375042,0.6801699999999999,0.85967,1.4601600000000001
0.0736,6.0,30.128166527940795,9.946320456185084,17.124673922276894,9.946320456185084,81.88010169974875,29.094740785833547,17.12467392227689,29.09474078583355,334.1163936941547,79.42341835897994,39.816437923681725,32.87818665696555,310101_C0000118_SEG_UNCOMP,0.3983833935540597,0.63647,0.88797,1.47556
0.0731,1.0,41.58946677826138,17.548622929196565,17.14132065402359,17.548622929196572,249.97487009134457,59.32949149526635,17.14132065402359,59.32949149526635,276.6597876981531,179.09203190011087,47.93693225709636,41.0548317332008,310201_C0000160_SEG_UNCOMP,0.4957050190193321,0.62271,1.07102,1.30626
0.1069,2.0,138.56044690292944,45.259881663828146,28.469938382805747,45.25988166382814,345.7749863018032,56.98696634791276,28.469938382805744,56.98696634791276,429.6520515406099,172.68637745889842,77.1969555929708,133.01031858485405,310201_C0000160_SEG_UNCOMP,0.5661146603764029,0.76166,1.01128,1.22706
0.1306,3.0,133.64825672670818,45.404406083337115,38.83864046015024,45.404406083337115,203.5987108541183,63.950629925316136,38.83864046015023,63.95062992531613,748.5088021831336,194.43225958983768,131.1478266731703,127.69012142821539,310201_C0000160_SEG_UNCOMP,0.4527752297311391,0.7217,0.86087,1.41743
0.0923,4.0,105.214579816201,42.556198680976294,29.812243324627502,42.5561986809763,277.00724441414184,82.27230051542936,29.812243324627506,82.27230051542936,353.856925038531,219.15935385963073,85.79125349869591,101.52868736840202,310201_C0000160_SEG_UNCOMP,0.25660187019649044,0.64841,1.08399,1.2676
0.0736,5.0,36.69724775256091,8.738046232787985,11.74334496647223,8.738046232787985,49.15805511312425,13.120607956147145,11.743344966472229,13.120607956147145,259.6183622802423,48.256515625448436,39.94991228636012,29.32894663839171,310201_C0000160_SEG_UNCOMP,0.5350536633526363,0.71385,0.8096800000000001,1.47648
0.124,6.0,209.09055450369104,69.55506773756353,43.70615777961786,69.55506773756355,410.7199674991455,81.87687574178582,43.70615777961787,81.87687574178584,464.19922965933824,217.26750562430334,115.93774314041198,191.6862034045937,310201_C0000160_SEG_UNCOMP,0.3895253680227587,0.7317100000000001,1.07482,1.19346
0.2062,1.0,280.931824378116,99.86349281690775,114.92288261490114,99.86349281690775,367.7537233105017,124.16009438755697,114.92288261490116,124.16009438755695,1265.7486414814375,379.02637293507917,307.1563620858892,224.22957900895443,350104_C0000094_SEG_UNCOMP,0.1807440238221159,0.71354,0.83249,1.45397
0.272,2.0,325.78627889466287,180.15102076978602,169.16353050201056,180.15102076978604,977.3063773046263,316.927586002227,169.16353050201062,316.927586002227,1949.168832986294,938.2379739913396,448.1368242795185,371.0622551245564,350104_C0000094_SEG_UNCOMP,0.1696248988316364,0.58623,0.94935,1.46442
0.2538,3.0,329.83768043033393,136.51650172199783,155.07934938508993,136.51650172199783,521.0849196732138,203.79920805181524,155.0793493850899,203.79920805181527,1889.2139537108126,589.7422855553788,442.318017999813,289.62315503928346,350104_C0000094_SEG_UNCOMP,0.10136519974660181,0.67102,0.7854300000000001,1.54355
0.1118,4.0,109.04796254001573,35.78502591367917,46.75516738728784,35.78502591367918,129.74040526956196,47.6564089738102,46.75516738728784,47.65640897381019,564.7265003684606,146.85996169537873,121.70396389742058,88.01024307745851,350104_C0000094_SEG_UNCOMP,0.36417971747348765,0.73646,0.8231200000000001,1.44042
0.0802,5.0,66.37317463426874,25.029240966697785,28.806750627001506,25.02924096669778,94.32289468003913,34.13177119863473,28.806750627001502,34.13177119863473,427.5609140885816,116.4168849324898,85.50927388260786,66.97916802934621,350104_C0000094_SEG_UNCOMP,0.5105145886454405,0.71404,0.8284299999999999,1.45754
0.1939,6.0,204.67236528418601,94.42072710163717,87.40440822943555,94.42072710163717,391.66962455673917,139.85676978321072,87.40440822943555,139.85676978321072,1254.6410804469497,451.7294872124738,241.71835496252723,217.77718324782668,350104_C0000094_SEG_UNCOMP,0.27255688327620753,0.6321899999999999,0.89751,1.4703
0.1385,1.0,192.5780217309062,53.606830194751126,69.5096388746938,53.606830194751126,189.91454372194883,73.59546152476331,69.5096388746938,73.59546152476331,663.4738078598791,201.06057221487654,178.3598716513467,122.9418453086074,350107_C0000104_SEG_UNCOMP,0.148983712157421,0.76134,0.8197399999999999,1.4189200000000002
0.1593,2.0,208.1929939095765,78.73458483312412,82.72011544265821,78.73458483312412,270.21676238716657,90.85946022758306,82.72011544265821,90.85946022758307,800.0810015569592,241.56289007178464,199.90540325043784,159.33609606421265,350107_C0000104_SEG_UNCOMP,0.16916727329662393,0.75671,0.87175,1.37155
0.1668,3.0,201.3638830450038,89.34381649305142,85.89990428521389,89.34381649305142,577.9927804121082,195.2300960377656,85.89990428521389,195.2300960377656,1075.554357062346,565.3515591191218,231.36794540811798,208.76235148998157,350107_C0000104_SEG_UNCOMP,0.2033290417169159,0.6383300000000001,0.9653200000000001,1.39635
0.1128,4.0,120.31813149954083,43.86400521832116,47.3878877635621,43.86400521832117,139.0049760475489,49.41866628706226,47.3878877635621,49.41866628706226,522.817088144274,128.9443165565949,113.18031038472395,97.4767420084962,350107_C0000104_SEG_UNCOMP,0.28691035472339477,0.7582300000000001,0.83925,1.40252
0.083,5.0,67.35643801010637,27.374528989279696,26.37926330950365,27.3745289892797,101.4277131090318,38.83706314325774,26.379263309503653,38.83706314325774,305.81065309591276,103.08629744046532,69.59693825859672,64.11694530407789,350107_C0000104_SEG_UNCOMP,0.14805175197965253,0.71513,0.9382299999999999,1.34665
0.1098,6.0,108.2950604755246,48.16563986543148,50.688520487314904,48.16563986543149,288.63706384596253,107.63441541590363,50.688520487314904,107.63441541590363,578.5340434318982,289.33606598558595,125.18280634815258,106.9762464798068,350107_C0000104_SEG_UNCOMP,0.34003656190698966,0.65512,1.0070700000000001,1.33782
0.0815,1.0,62.73628662523537,19.55984916090163,23.63368436271344,19.559849160901628,114.89744159825916,40.69035378821805,23.63368436271344,40.69035378821805,337.5238496480077,105.57979847343546,63.200867139531994,52.329321782120246,350108_C0000130_SEG_UNCOMP,0.24755087433629802,0.737,0.89149,1.37151
0.1871,2.0,181.58838178871432,75.5121008823468,88.02895713352349,75.5121008823468,674.704004309915,219.91808936647408,88.02895713352348,219.91808936647405,1128.2345600897436,573.3162214052189,218.39012698836586,186.60850755009238,350108_C0000130_SEG_UNCOMP,0.09635123848274084,0.6420399999999999,1.00122,1.35674
0.07200000000000001,3.0,42.21157970454376,25.156646595406986,20.19768542886767,25.156646595406986,102.8112429503033,36.88397258550871,20.197685428867675,36.88397258550872,270.8105701975038,98.21578558529482,50.88916336367104,49.1851315574261,350108_C0000130_SEG_UNCOMP,0.21407424030423444,0.72096,0.9466700000000001,1.33238
0.2166,4.0,282.1511550612148,131.87854859240517,127.19265000093557,131.87854859240517,570.9609649590484,195.16800295519633,127.19265000093557,195.16800295519636,1556.9590401336,503.3499563168738,319.2548321631897,264.8823479725026,350108_C0000130_SEG_UNCOMP,0.07785052387266099,0.69263,0.85595,1.4514200000000002
0.1395,5.0,141.91809073266924,87.08786471043234,71.3676194699664,87.08786471043234,443.8988108756584,163.36588035204187,71.3676194699664,163.36588035204187,761.1745425353768,403.8987681370634,155.7811175120197,168.42737993480767,350108_C0000130_SEG_UNCOMP,0.2882465258336233,0.62163,1.02783,1.35054
0.1124,6.0,105.8444363159455,69.58329416829355,56.38236593432041,69.58329416829353,272.8417886999412,103.7718465118745,56.38236593432041,103.77184651187449,602.4757133039769,265.0284329755273,132.25329535635694,141.6782747289244,350108_C0000130_SEG_UNCOMP,0.3997786887334564,0.6521399999999999,1.0011299999999999,1.34673
0.2025,1.0,181.7885343238904,96.93934705364325,100.2115574107391,96.93934705364323,479.4933967481703,160.46352642318416,100.21155741073908,160.46352642318416,1419.6039597676413,477.097367638035,269.82689740999336,202.1751155832006,350201_C0000066_SEG_UNCOMP,0.19138041732070837,0.62092,0.8820899999999999,1.49699
0.2412,2.0,316.24757475792546,143.5635769156018,138.34468216212258,143.56357691560183,681.6890123690625,208.47503805748562,138.34468216212258,208.47503805748562,1609.2917313187327,584.2841427451907,358.0909563523558,298.8750654779775,350201_C0000066_SEG_UNCOMP,0.07969731226999616,0.63149,0.90722,1.46128
0.0635,3.0,50.811523251684164,11.603606529142594,25.243268642806633,11.603606529142594,44.24047662296243,26.47244131380302,25.243268642806637,26.47244131380302,280.6150900075593,57.22993293805494,63.08690953102122,32.181737908415116,350201_C0000066_SEG_UNCOMP,0.3135653850151883,0.76462,0.81323,1.42215
0.1511,4.0,114.2857020733341,77.9038945729669,57.35145902038143,77.90389457296692,479.9886556795145,143.82436605913693,57.35145902038144,143.82436605913693,684.5399026953162,422.2401069613089,136.6576760696762,154.4114469492587,350201_C0000066_SEG_UNCOMP,0.18231619382092654,0.60024,1.13581,1.26396
0.1195,5.0,88.82595213787023,40.198116213692835,43.16940658573359,40.198116213692835,152.74017962038698,58.82658412251302,43.16940658573358,58.82658412251301,728.6154451972355,179.07119619599789,124.50646853271905,92.35248480135706,350201_C0000066_SEG_UNCOMP,0.17101723490083331,0.66977,0.86093,1.46929
0.2322,6.0,197.86315927810628,100.64881018557026,105.09620197329536,100.64881018557026,798.7273016268394,246.8668127195491,105.09620197329534,246.86681271954907,1602.5454522480995,706.601971294124,281.80902400960605,228.8829370541801,350201_C0000066_SEG_UNCOMP,0.13482588091527425,0.5727399999999999,0.9567,1.47056
0.2653,1.0,508.3171454400294,159.17441954802263,124.8771251880801,159.17441954802263,665.2023246570536,182.63501802902636,124.87712518808009,182.63501802902636,1367.811369181834,557.3077520410319,337.16362537633205,398.14978528875776,350202_C0000070_SEG_UNCOMP,0.1379792843072665,0.77288,0.935,1.2921200000000002
0.207,2.0,227.48763202342,62.900105649173014,75.53843605528682,62.90010564917301,248.73853755699142,78.42970407315653,75.53843605528684,78.42970407315653,874.5586076668234,275.6723437850645,250.16493542709276,178.62117486088192,350202_C0000070_SEG_UNCOMP,0.21361477287728511,0.81529,0.86654,1.31817
0.1813,3.0,186.4363798743221,72.97311380487403,79.35377989664457,72.97311380487402,421.37735847093177,144.00179040440662,79.35377989664454,144.00179040440662,931.3800825531505,415.84044357162605,229.77611698365476,183.99143655415818,350202_C0000070_SEG_UNCOMP,0.38172339778033737,0.68418,0.9470200000000001,1.3688
0.1274,4.0,68.35679256554555,22.811849027471855,36.17706474140906,22.81184902747185,115.41411750894274,43.66005811031508,36.17706474140906,43.660058110315084,531.6596816630197,144.14256593727248,98.38146434687236,63.86832697578948,350202_C0000070_SEG_UNCOMP,0.24418865233798295,0.73019,0.8546600000000001,1.41516
0.1231,5.0,47.06732954116006,20.171767908643666,19.895509261032977,20.171767908643663,159.10589494079514,53.82290541842041,19.895509261032977,53.822905418420405,335.4917624080244,177.5805476414606,64.26085882752096,59.952152709698716,350202_C0000070_SEG_UNCOMP,0.26086433507283824,0.65832,1.04792,1.29376
0.2625,6.0,324.90758537876326,116.76532786768739,125.51575702862675,116.76532786768739,530.1322331641561,192.7766819340101,125.51575702862674,192.7766819340101,1641.1596903254465,587.4221487152902,433.65064358935535,283.8958446581443,350202_C0000070_SEG_UNCOMP,0.19098664385434802,0.71854,0.84946,1.432
0.0818,1.0,54.66442352046817,18.990119736278487,20.094480855379242,18.990119736278487,69.54330595260895,23.674334780420086,20.094480855379242,23.674334780420082,242.62859921903683,77.67695281590369,59.98897235708656,48.835647706802085,350203_C0000099_SEG_UNCOMP,0.30817403896301643,0.71541,0.8945299999999999,1.39006
0.0932,2.0,62.91033201047328,21.157360866187073,27.603702237515325,21.157360866187076,129.31830714729273,39.2090685187826,27.603702237515325,39.209068518782615,304.68993014212305,110.88136960466244,76.1991892427537,57.52272160784103,350203_C0000099_SEG_UNCOMP,0.25708953715054905,0.71435,0.9636600000000001,1.32199
0.0868,3.0,46.915519971344445,12.897642057432504,16.73877584787067,12.897642057432506,74.16650640202808,24.06161751685261,16.738775847870674,24.061617516852618,221.87447732099554,78.36589790101158,51.110251645502785,38.46923858843607,350203_C0000099_SEG_UNCOMP,0.411999220523732,0.7106399999999999,0.9551799999999999,1.33418
0.1455,4.0,122.72154889865354,42.39367705074526,45.0632796261185,42.39367705074526,212.33292036147722,69.1912221665182,45.06327962611851,69.1912221665182,606.9293242240312,239.30067282990325,140.19187756284097,94.64094861318407,350203_C0000099_SEG_UNCOMP,0.29406297891350236,0.6907300000000001,0.9329999999999999,1.37627
0.0955,5.0,63.16323696704951,18.514977918079197,17.262388794329308,18.514977918079197,92.1000531322969,21.593457780519152,17.262388794329308,21.593457780519152,262.28450108381577,80.72709901071468,63.03233328066335,49.44687019851782,350203_C0000099_SEG_UNCOMP,0.3736109506957892,0.75367,0.9076299999999999,1.33869
0.0869,6.0,41.861625074919814,11.125546796381979,12.107246661855376,11.12554679638198,71.68052950867978,21.7987007196872,12.107246661855376,21.7987007196872,211.23795467426493,84.20797857677998,39.43161708207792,33.308235866615945,350203_C0000099_SEG_UNCOMP,0.3515341910072576,0.69935,0.93922,1.36142
0.1461,1.0,118.26804619432824,31.36481555285488,48.679515904446205,31.364815552854882,262.37636961953314,74.87523293794501,48.679515904446205,74.87523293794503,813.8438760766209,254.38377021302261,154.5836602215024,94.79312163058641,350205_C0000112_SEG_UNCOMP,0.38554781471747396,0.69062,0.8327399999999999,1.47664
0.1588,2.0,159.48997532007684,41.16702742541052,57.74581427258991,41.16702742541051,182.77239003820432,75.33124429394269,57.74581427258992,75.33124429394269,866.5652694525111,244.74657368744934,170.95151950148568,113.25271653774873,350205_C0000112_SEG_UNCOMP,0.12362060092792078,0.7127600000000001,0.8190000000000001,1.46825
0.223,3.0,278.87416957819784,99.42081152449522,127.92465956112922,99.42081152449524,648.1318333597919,190.6702446039797,127.92465956112919,190.67024460397968,1456.5236080009881,560.0349039264418,370.52748832318207,233.39399108660388,350205_C0000112_SEG_UNCOMP,0.21535662849716977,0.67413,0.89569,1.43018
0.1777,4.0,190.46335080710594,61.73959559465372,79.25629811375214,61.73959559465372,518.3549193028705,150.9625976246277,79.25629811375215,150.9625976246277,994.6936024598978,435.52612703420886,215.90026538173382,162.64873481165242,350205_C0000112_SEG_UNCOMP,0.22647180616832216,0.6459199999999999,0.9685,1.38557
0.0646,5.0,0.5324761466584598,0.0683029175277127,0.4683075718847672,0.06830291752771273,0.26801874920776997,0.05066391529066142,0.46830757188476724,0.05066391529066141,18.038108801074404,0.4307026156054278,1.635135538942237,0.29088774383014204,350205_C0000112_SEG_UNCOMP,0.5325029544230417,0.66567,0.9950899999999999,1.33924
0.0872,6.0,43.495146925672366,16.704189442927397,16.149956756688486,16.704189442927397,131.34820705347795,41.18556411744178,16.149956756688486,41.185564117441785,270.49273756180776,121.1145762701906,48.580992372768364,42.68518379558775,350205_C0000112_SEG_UNCOMP,0.3942169005279441,0.65955,0.9838,1.35666
0.1092,1.0,54.456242629054934,22.58132870552271,25.878452120227887,22.58132870552272,146.53806614052067,62.09612347295516,25.878452120227884,62.09612347295516,523.7192364357147,189.935735069476,70.7560581361881,55.619006020555794,350206_C0000126_SEG_UNCOMP,0.22433836319787928,0.6227600000000001,0.95357,1.42367
0.1372,2.0,103.74422082428981,47.51885564649502,38.3523728083251,47.51885564649501,432.5111638891825,107.08336472007673,38.35237280832509,107.08336472007673,796.0594266594294,387.0049671382922,116.83980523684066,119.23601187224604,350206_C0000126_SEG_UNCOMP,0.337720664027208,0.58178,1.04359,1.37463
0.1336,3.0,82.37563734398303,27.35141240394444,25.06516069627119,27.351412403944433,235.9448232121476,67.75133857831621,25.065160696271185,67.75133857831622,576.0737897730904,213.14555834629857,76.79818202930211,78.64026413868301,350206_C0000126_SEG_UNCOMP,0.22747981428201783,0.62088,0.9435899999999999,1.43553
0.0938,4.0,35.661790245584015,12.846489116052565,15.7015077813223,12.846489116052565,109.45441857524506,31.726051139797526,15.7015077813223,31.726051139797526,352.53541969804365,104.31706185410259,46.205205762416114,36.211015173997374,350206_C0000126_SEG_UNCOMP,0.35707718154789386,0.61873,0.91048,1.47079
0.09699999999999999,5.0,72.33986536412841,22.928820127707752,22.176633628023048,22.928820127707745,44.963301522333076,22.99694146835669,22.176633628023044,22.99694146835669,462.56383079427155,77.49530953491373,70.41368290818379,60.23892703382434,350206_C0000126_SEG_UNCOMP,0.26057336845677453,0.70206,0.77335,1.5245799999999998
0.0765,6.0,40.4567845668828,15.110919406260606,13.203492048186668,15.110919406260606,43.030471795462375,16.170784703420974,13.203492048186668,16.17078470342097,290.97696170265704,51.66373123508194,40.313075414584176,38.57227755142473,350206_C0000126_SEG_UNCOMP,0.39829321462242034,0.70213,0.8195100000000001,1.4783600000000001
0.1603,1.0,127.53450109906058,52.08647167864014,47.76734229752601,52.08647167864014,357.3553294452788,100.43173775431015,47.767342297526,100.43173775431013,795.8360449286012,302.60313042317034,135.43141373096364,125.4053221288764,350207_C0000137_SEG_UNCOMP,0.20839308241228535,0.66557,0.99344,1.34099
0.0796,2.0,46.46136264384025,13.967140848304128,18.003192733388882,13.967140848304131,82.2341508452662,19.422356928478113,18.003192733388882,19.42235692847811,322.45502620491527,70.06471102425087,57.889962478981765,41.82189957538907,350207_C0000137_SEG_UNCOMP,0.5418998683771452,0.72604,0.8162,1.45777
0.1215,3.0,75.43984833578239,33.12130280904897,33.1235741990686,33.12130280904897,180.5148621770153,54.7502667773264,33.12357419906859,54.7502667773264,588.2404199972293,165.41498452169475,92.81639474158008,75.25938763390431,350207_C0000137_SEG_UNCOMP,0.26122442551109815,0.67704,0.92885,1.39411
0.083,4.0,34.67754101647871,13.245345834548985,12.650555988589,13.245345834548985,56.811166377092796,18.058553787718758,12.650555988588998,18.058553787718754,387.63863516216276,82.43884395227231,46.32693799810225,35.95711882004162,350207_C0000137_SEG_UNCOMP,0.34188991923236645,0.63255,0.8585,1.50894
0.1093,5.0,68.43581713745024,25.666449602890367,30.35833147785387,25.666449602890367,140.5220754912408,34.46120840057331,30.358331477853863,34.461208400573305,509.0515253938081,121.13844770168585,95.53906167124435,68.38365291987462,350207_C0000137_SEG_UNCOMP,0.3176841035844496,0.70657,0.8282799999999999,1.46515
0.1952,6.0,190.56774196247406,66.9627227065037,78.33751930403551,66.96272270650368,386.0332367692331,99.6259086338042,78.33751930403551,99.6259086338042,1082.8532310079604,348.0163848497188,241.87395438770932,166.22449249158868,350207_C0000137_SEG_UNCOMP,0.18004551668534585,0.72,0.88939,1.3906100000000001
0.0324,1.0,0.6988658832567718,0.11750814538042094,0.1262799267672985,0.11750814538042094,0.7842432607047339,0.31679315060890256,0.1262799267672985,0.3167931506089025,1.1348218651309843,1.0297704992535937,0.517043235061947,0.49828461281658587,350208_C0000141_SEG_UNCOMP,0.3457227591117116,0.65376,1.01824,1.328
0.0342,2.0,0.746473665041487,0.05947865549601983,0.09377658186536092,0.059478655496019835,0.5832364127262973,0.08532510995277177,0.09377658186536095,0.08532510995277177,0.6903891666397898,0.423058120718083,0.3993620528290725,0.3988502678424096,350208_C0000141_SEG_UNCOMP,0.6489187503883883,0.65493,0.9544600000000001,1.3906100000000001
0.026000000000000002,3.0,5.8205685287747135,1.1597792086640275,1.035883281467757,1.1597792086640277,12.216276678945887,3.180026820229335,1.0358832814677572,3.180026820229335,20.797291322981806,8.498666620234616,4.0121932945560985,4.267904714519378,350208_C0000141_SEG_UNCOMP,0.46249794635189817,0.6480199999999999,1.0246,1.32738
0.011000000000000001,4.0,0.11955887459800187,0.02390048307472723,0.0054303899484656505,0.02390048307472732,0.27161346934663316,0.020574605113605746,0.005430389948465651,0.020574605113605742,0.002460434595559639,0.044724347991521335,0.016868763281156704,0.1314485054672801,350208_C0000141_SEG_UNCOMP,1.1102713643569169,0.63718,1.01034,1.35248
0.025,5.0,0.29735890482238114,0.040196978334788254,0.0995560773401818,0.04019697833478825,0.6060351698818223,0.21677013351364638,0.0995560773401818,0.21677013351364638,4.083332783155449,1.0472633264883675,0.38088031331707334,0.18937577589957588,350208_C0000141_SEG_UNCOMP,0.7989927852179421,0.60934,0.9995799999999999,1.39109
0.0125,6.0,6.073377164325029,0.7579144737989988,1.7296453137423657,0.7579144737989988,5.118853243733949,0.9274879512035331,1.7296453137423655,0.9274879512035331,19.206218823959542,4.11073961546562,5.9754443667659505,3.1862652156128894,350208_C0000141_SEG_UNCOMP,0.9491763826898357,0.59716,0.9763700000000001,1.4264700000000001
0.2115,1.0,319.21298416859315,119.65242883553111,116.69802321878716,119.6524288355311,449.0586465949669,160.9602150662061,116.69802321878717,160.96021506620613,1392.4575733770728,455.4225927054432,321.04693211758683,284.93092757874564,350302_C0000111_SEG_UNCOMP,0.2651390585663056,0.71632,0.88336,1.40031
0.1211,2.0,104.5284265420564,37.84574396811493,38.1809302406054,37.84574396811492,153.82208554295346,44.25190043529263,38.1809302406054,44.25190043529263,577.9921626778832,153.80388780847596,109.18497790509451,87.63409435768942,350302_C0000111_SEG_UNCOMP,0.22835364137631106,0.7028300000000001,0.83109,1.4660799999999998
0.2604,3.0,395.4476187880603,166.5019146974764,154.9222878241346,166.5019146974764,1186.4998538175732,325.6593687558928,154.9222878241346,325.65936875589284,1685.3719369305275,875.9716336980133,449.8987355163777,435.66539909359886,350302_C0000111_SEG_UNCOMP,0.3516974863236935,0.67199,1.00902,1.3189799999999998
0.1598,4.0,218.32443405228562,83.2407549952196,78.1212601943357,83.24075499521959,294.60392389368263,98.1141641082482,78.12126019433569,98.11416410824819,943.6269453734224,253.16879935086072,203.54911956642155,186.76870250117597,350302_C0000111_SEG_UNCOMP,0.38661678470641925,0.70027,0.8361299999999999,1.4636
0.0174,5.0,8.123962534319206,1.8927792642928023,1.9673007049196507,1.8927792642928019,17.369356262723294,6.490982371633735,1.9673007049196505,6.490982371633736,32.064383618242786,17.458635152395182,5.487721753735937,5.6619784371711726,350302_C0000111_SEG_UNCOMP,1.1472346243201015,0.71199,0.98145,1.30656
0.1713,6.0,163.58391049461622,69.70785213270115,90.50344469427615,69.70785213270113,481.47923920804413,210.81435825551864,90.50344469427615,210.8143582555187,879.3027383049271,595.3257219917153,201.3887719595303,161.86762037534362,350302_C0000111_SEG_UNCOMP,0.28100300361537756,0.60442,1.0771899999999999,1.3183799999999999
0.065,1.0,16.196280059875505,4.8921728196509875,3.9486238842189354,4.892172819650987,32.02405945860377,4.619487181318163,3.9486238842189354,4.619487181318163,69.39453123747175,24.101965806225532,15.785518404744847,15.953087967532197,350303_C0000153_SEG_UNCOMP,0.5605733336977949,0.7314,0.99193,1.27667
0.1837,2.0,130.22630388563175,48.71343437001595,48.931420120925004,48.71343437001594,305.796032447778,74.55797684819578,48.931420120925004,74.55797684819579,681.3530758951385,280.5328140092629,156.9700785486879,142.1874153699486,350303_C0000153_SEG_UNCOMP,0.3205671983182053,0.69699,0.9974,1.30561
0.2501,3.0,251.28468469907028,117.18679221081885,99.95537912825503,117.18679221081887,701.3766149886859,186.10124587190575,99.95537912825505,186.10124587190575,1264.1474804709144,635.4208800482,284.95960288569006,297.09710495120913,350303_C0000153_SEG_UNCOMP,0.2338899493360314,0.66172,1.0661,1.2721799999999999
0.2346,4.0,230.20759680650008,104.83540585260097,94.49579690334812,104.83540585260099,659.7881984750805,189.52710467420513,94.49579690334815,189.52710467420516,1157.5467734940964,613.0774414797703,279.68329077672985,268.85399675591407,350303_C0000153_SEG_UNCOMP,0.25838775561759275,0.66779,1.04427,1.2879399999999999
0.127,5.0,43.277288692391245,26.502147418903373,20.78580571670198,26.502147418903373,271.60860309530455,69.63967151162645,20.78580571670198,69.63967151162646,367.71665850813645,244.94523812270765,62.031181561377615,67.93136642545022,350303_C0000153_SEG_UNCOMP,0.40841555438721405,0.53062,1.20235,1.2670299999999999
0.3164,6.0,402.13085199950024,158.82924917353256,165.0274075588213,158.82924917353256,798.3524279838714,245.78869049706154,165.0274075588213,245.78869049706154,1900.3401925597104,786.2087715014225,521.9614024826012,420.60739180837373,350303_C0000153_SEG_UNCOMP,0.17496381596790844,0.71639,0.93734,1.34628
0.1573,1.0,149.42184880150842,61.5725181010388,67.60834934338834,61.572518101038796,499.06689213860983,161.55929082719888,67.60834934338835,161.55929082719885,980.8964110141577,471.056099982491,222.3673974033267,197.44477516565257,350304_C0000179_SEG_UNCOMP,0.6077858853210006,0.60953,0.9542,1.4362700000000002
0.0174,2.0,0.7969099439852301,0.17268716602228584,0.33722753829110436,0.17268716602228587,1.6953940012423647,0.9056251125356358,0.33722753829110436,0.9056251125356357,7.368034325248229,3.6594084036819625,1.1093667134108958,0.8157419531021376,350304_C0000179_SEG_UNCOMP,0.7215412463732247,0.60853,0.9686299999999999,1.4228399999999999
0.1422,3.0,138.9474833082232,63.7584091581154,66.54701565704195,63.758409158115406,376.1779397544595,121.07872021582517,66.54701565704195,121.07872021582517,862.6895221436796,386.7444751080163,191.23147217727012,164.00420133855522,350304_C0000179_SEG_UNCOMP,0.5422775109270398,0.62027,0.9872,1.3925299999999998
0.09,4.0,62.32464647024724,28.916880255639402,25.49285678692493,28.916880255639406,167.97419333558122,67.72350529904436,25.492856786924925,67.72350529904436,370.514136766257,209.25065341012973,82.89363440061877,80.0904964884257,350304_C0000179_SEG_UNCOMP,0.47316629989459363,0.67666,1.00266,1.3206799999999999
0.0739,5.0,38.49376297492487,17.289445637281087,17.838590426310027,17.28944563728109,102.37300014511196,52.70883415705769,17.838590426310027,52.70883415705769,250.53273776711345,145.24717065721256,48.27307131134426,45.09521450668671,350304_C0000179_SEG_UNCOMP,0.36747930049193184,0.64591,1.0376299999999998,1.31646
0.1592,6.0,238.83441142061716,104.25108291802584,106.42550934974182,104.25108291802584,648.5729809151519,203.7774635350995,106.42550934974182,203.7774635350995,1122.657048533298,589.3673366747854,308.34867509181447,264.8896970818398,350304_C0000179_SEG_UNCOMP,0.7026429336404408,0.63045,0.9655100000000001,1.40404
0.0353,1.0,19.52183701664815,5.962282996986294,3.9547204298766667,5.9622829969862945,30.79216439219798,11.38020459343359,3.9547204298766667,11.380204593433588,46.464372163295465,35.26288845270632,12.109791213895537,15.61397510165805,350402_C0000050_SEG_UNCOMP,0.1947724822523043,0.77893,0.98861,1.23246
0.0449,2.0,21.86373274670729,8.663702253694854,8.505601487127207,8.66370225369485,40.63034431867779,15.010302689525917,8.505601487127205,15.010302689525915,132.3094412747932,43.091905221418564,20.81466465401571,26.384112720757265,350402_C0000050_SEG_UNCOMP,0.5794517379035795,0.677,0.9759200000000001,1.3470799999999998
0.0937,3.0,54.41854403710196,23.230511032450146,25.34083516798783,23.230511032450146,109.98727239392126,30.745748477880802,25.340835167987834,30.7457484778808,417.2893048364169,86.80376653122299,68.50623284583865,61.290755089686726,350402_C0000050_SEG_UNCOMP,0.33842243151016504,0.68115,0.8538100000000001,1.46504
0.0297,4.0,0.284474265223814,0.09552008804774695,0.2922414463650746,0.09552008804774696,1.6423352318522102,1.2779607811467568,0.2922414463650746,1.2779607811467568,11.473230858629583,2.885649116208998,1.0757192210538722,0.4357726556028645,350402_C0000050_SEG_UNCOMP,0.7065517557534616,0.68723,1.06128,1.25149
0.0891,5.0,66.43438645580319,23.35833524229875,30.00654155445839,23.35833524229875,94.32173549199771,30.324872012462183,30.00654155445839,30.32487201246218,422.35159207429217,90.95952323616102,77.55232567349698,62.66854613096699,350402_C0000050_SEG_UNCOMP,0.33833383231242764,0.70186,0.8614,1.43675
0.0987,6.0,64.4898466257484,30.62810179000349,31.21695608785559,30.628101790003484,187.759010267737,49.1280583100163,31.216956087855582,49.1280583100163,468.8290455327117,139.02045705089904,83.93694918688644,73.7804096881077,350402_C0000050_SEG_UNCOMP,0.37014471018337214,0.68503,0.9223399999999999,1.39263
0.3755,1.0,1190.8864491473776,407.9721918676108,414.0417182814201,407.97219186761083,1355.7543009182518,441.44338916450664,414.0417182814201,441.4433891645066,2694.098628097378,1205.8700665095284,1109.5962459719908,900.299724646772,350404_C0000120_SEG_UNCOMP,0.26455228104633777,0.81822,0.8967799999999999,1.285
0.2458,2.0,420.6395802531311,152.23069820941052,138.58372542474845,152.23069820941055,778.2086886156649,215.60784611584248,138.58372542474842,215.60784611584248,1496.8508446848941,696.3800748898567,389.6101350649794,365.9474995079748,350404_C0000120_SEG_UNCOMP,0.22527117835817403,0.68377,0.98129,1.33494
0.3265,3.0,1058.122592815907,318.2735189863722,315.79100257670416,318.2735189863721,1184.333982175232,363.78974941671333,315.7910025767042,363.78974941671333,2278.1846105282025,972.9990306495196,875.537870105886,744.0224342061213,350404_C0000120_SEG_UNCOMP,0.36409818237636793,0.84975,0.88397,1.26627
0.1916,4.0,315.95861012430504,90.51894426252682,124.13590313661888,90.51894426252682,409.91138559812146,103.99830880274725,124.1359031366189,103.99830880274726,971.7245893634845,313.44639860092644,366.37156740386024,217.69251091397544,350404_C0000120_SEG_UNCOMP,0.28964379461367246,0.81716,0.8233299999999999,1.35951
0.2555,5.0,459.36342177279823,158.6261721860636,189.68645996722634,158.62617218606357,699.2338451624428,228.07483891546173,189.68645996722637,228.07483891546173,1862.3692750142923,675.5862556331103,536.589554713961,381.5371412835018,350404_C0000120_SEG_UNCOMP,0.15648593301664296,0.70672,0.86911,1.42418
0.1509,6.0,196.71796783547154,65.86888033935773,56.049591496954946,65.86888033935774,184.4826433502512,75.685466173392,56.04959149695494,75.68546617339197,653.9514373848805,218.13688979568508,166.1500951514935,149.35208639328812,350404_C0000120_SEG_UNCOMP,0.18035293993348436,0.80904,0.84116,1.3498
0.0356,1.0,20.250112136177258,6.41649299950638,8.777786384077366,6.41649299950638,29.758728436133172,14.58107440793179,8.777786384077366,14.581074407931789,77.42579499614038,35.936372723693424,21.960717307543245,17.058662264790097,350405_C0000145_SEG_UNCOMP,0.6293328863565455,0.71746,1.00419,1.27836
0.29600000000000004,2.0,419.82097446577086,181.2166460864992,181.28125000443586,181.21664608649917,1092.3512569886816,311.7997670380838,181.28125000443583,311.7997670380838,2056.8369098924823,815.4831280891773,482.47120591943667,443.0206986957048,350405_C0000145_SEG_UNCOMP,0.12833347310736515,0.68153,0.9490200000000001,1.36944
0.1935,3.0,231.3231590360741,97.64838535821083,97.57588019781208,97.64838535821082,502.43172032067184,134.81861371452433,97.57588019781205,134.8186137145243,1104.530665875998,337.86981216142374,244.56745188020813,222.8356010008192,350405_C0000145_SEG_UNCOMP,0.23144873353337006,0.73554,0.8992700000000001,1.36519
0.1495,4.0,134.30457608349556,69.83782971395725,56.027597311114974,69.83782971395722,329.79952405329897,116.63049802738789,56.02759731111496,116.63049802738787,552.7526163658035,314.2073889086983,159.32768044994987,171.98078679264773,350405_C0000145_SEG_UNCOMP,0.36361865087127226,0.69626,1.01601,1.2877299999999998
0.0577,5.0,33.969367121720424,16.167557018470223,14.513094893334559,16.167557018470223,103.49215228623402,38.83582404541737,14.513094893334559,38.83582404541736,139.52628706587942,109.18175778710008,36.739703429013744,39.833657490225676,350405_C0000145_SEG_UNCOMP,0.33609133956880094,0.66279,1.08356,1.2536399999999999
0.2574,6.0,424.70490612914904,143.72173976603847,168.20174164672844,143.7217397660385,612.8558402130623,176.71896572416662,168.20174164672844,176.7189657241666,1643.4978374786895,527.2616998554305,481.8315080884594,358.7465755864431,350405_C0000145_SEG_UNCOMP,0.21037864931566846,0.75629,0.83636,1.40735
0.0691,1.0,34.935040653735044,10.84666916041126,8.357185959530657,10.84666916041126,49.22256139675695,13.03501647113483,8.357185959530659,13.03501647113483,115.66990177931737,49.90334936687977,32.3693563514437,32.976374319575,350406_C0000147_SEG_UNCOMP,0.2691286085728996,0.71536,0.9538,1.33084
0.1567,2.0,115.9309606115398,43.438416566569266,42.8698848980076,43.43841656656928,299.23631896492213,68.84557547754305,42.869884898007605,68.84557547754305,740.2423611811787,226.65035699259698,136.85955378120698,122.26195515433812,350406_C0000147_SEG_UNCOMP,0.25332934800958257,0.69205,0.9213399999999999,1.3866100000000001
0.20199999999999999,3.0,235.0005387208416,76.5355313779439,83.68679808395174,76.53553137794391,554.4624535853744,175.4577168137491,83.68679808395174,175.4577168137491,945.5121272278969,523.0391316505994,246.99543311707373,210.25613432207513,350406_C0000147_SEG_UNCOMP,0.2262883937512147,0.66852,0.9977600000000001,1.3337299999999999
0.0379,4.0,22.373581897146337,6.090597249100022,7.184721661187085,6.090597249100021,34.50622529359974,6.520735083556641,7.184721661187085,6.520735083556641,106.32330072493306,25.591195740360092,21.4476774933313,19.184342742981226,350406_C0000147_SEG_UNCOMP,0.5376101109038137,0.6786800000000001,0.9574,1.36391
0.1578,5.0,148.13292598483744,55.50531110081204,56.53119319145756,55.50531110081206,225.82491677418642,75.44929240415036,56.53119319145756,75.44929240415034,839.7834722110233,250.52082339698944,153.55045201069038,134.34196930992394,350406_C0000147_SEG_UNCOMP,0.3644251139026547,0.65258,0.9083700000000001,1.4390399999999999
0.0898,6.0,62.18045486928851,18.446553957292895,24.760589658060276,18.446553957292895,104.90316831292206,38.2735571160054,24.760589658060276,38.2735571160054,464.80089149054714,148.67962530548158,83.25119187848412,53.98026505999432,350406_C0000147_SEG_UNCOMP,0.6594569242976653,0.6003,0.9132299999999999,1.4864700000000002
0.1558,1.0,203.97569577272571,68.06577225701992,62.141244383464525,68.06577225701993,280.7214496845748,116.06687515672776,62.141244383464525,116.06687515672775,880.7780094926578,357.54568676345536,179.31936208277267,150.41146894565938,350407_C0000158_SEG_UNCOMP,0.20931939214714299,0.67306,0.9145,1.41245
0.1612,2.0,164.87316753934974,59.62382916097018,60.79808251504937,59.62382916097018,463.20818374168516,224.028152470601,60.79808251504937,224.02815247060096,632.5802037540064,548.3853233074825,173.40302289402783,160.0184680293684,350407_C0000158_SEG_UNCOMP,0.3160605431200077,0.73085,1.04765,1.2215
0.1666,3.0,167.27453394130467,59.08207934767663,71.94460750352958,59.082079347676626,447.10359525630685,220.68960273276028,71.94460750352957,220.68960273276028,706.6930558025233,567.5889781842486,198.41011421664498,164.93773101571654,350407_C0000158_SEG_UNCOMP,0.22826029075790433,0.7231,1.03744,1.23946
0.1781,4.0,248.18946823793758,114.17915387477993,108.1294894320438,114.17915387477993,398.82865296664113,155.6768017886119,108.12948943204381,155.67680178861193,1124.0416942247023,443.0685254246794,291.3678216196597,226.0053309085521,350407_C0000158_SEG_UNCOMP,0.23277558270810084,0.7034100000000001,0.86521,1.4313799999999999
0.1164,5.0,138.2381331799985,47.26746645634148,49.29994589951634,47.26746645634148,203.81711042509315,65.50401561831103,49.299945899516345,65.50401561831102,509.12033815965464,182.11736730775294,143.5323500404771,91.43992207395826,350407_C0000158_SEG_UNCOMP,0.22777355561961832,0.77596,0.9038700000000001,1.32018
0.1604,6.0,177.6670379690589,76.75752542653174,79.77703779615958,76.75752542653176,488.506656315599,219.41408613973095,79.77703779615959,219.41408613973093,749.7043489301122,564.8284636032432,183.33875777345432,171.89482548091027,350407_C0000158_SEG_UNCOMP,0.25823093509516193,0.68994,1.04449,1.26557
0.1973,1.0,138.97675950888652,46.677444873548566,67.80768402492586,46.67744487354856,236.33067459776942,94.0361693087746,67.80768402492586,94.03616930877462,1078.0588813245909,336.86657456636465,227.64165115718126,133.2201200863766,350606_C0000070_SEG_UNCOMP,0.17514917771665062,0.67527,0.8447100000000001,1.48001
0.2362,2.0,189.7450987370884,71.79132065604236,74.39795778053272,71.79132065604236,576.0886407179597,182.33853058625994,74.39795778053269,182.3385305862599,1370.5118554744934,679.1106630011631,246.1888208614518,203.21279924038083,350606_C0000070_SEG_UNCOMP,0.2553717076388169,0.56565,0.98485,1.4495
0.043,3.0,3.9045883032951716,1.7344676027945132,1.1667791381898687,1.7344676027945136,23.71256149554268,9.224722638839788,1.1667791381898687,9.224722638839786,140.57834717702292,42.253714787801,9.702090348257904,5.909799657889251,350606_C0000070_SEG_UNCOMP,1.3092203637297803,0.59587,0.90525,1.49888
0.2312,4.0,288.53136774330443,97.25287512721236,101.6724686814163,97.25287512721236,452.7456982935898,137.93657005225754,101.67246868141632,137.93657005225754,1234.809038437714,452.37035182829607,310.19250378730214,254.47091932002616,350606_C0000070_SEG_UNCOMP,0.2341651672257002,0.73115,0.86815,1.4007
0.1954,5.0,301.263152635476,82.98117787689976,88.22679341798188,82.98117787689978,573.8095208672524,139.7107124455507,88.22679341798188,139.71071244555074,1029.6643485384136,485.83716417388365,281.21912578794684,247.15564391444587,350606_C0000070_SEG_UNCOMP,0.6218803387067251,0.67274,0.98367,1.3436
0.122,6.0,83.00449152273013,21.712914106310894,31.072914414276916,21.71291410631089,163.6346085559648,48.93360936177384,31.07291441427692,48.93360936177384,443.31209201087256,180.9799700250016,105.92329780524699,64.15989784619418,350606_C0000070_SEG_UNCOMP,0.5455708846606281,0.64336,0.9423299999999999,1.41432
0.2403,1.0,236.82558837484362,124.67800363642796,122.52380445012159,124.67800363642795,731.3030350014523,243.6904402906507,122.5238044501216,243.6904402906507,1804.3492112215217,738.9982607097246,344.04200045520446,281.2892160230063,350608_C0000085_SEG_UNCOMP,0.15777911205867112,0.58205,0.91327,1.50468
0.2852,2.0,490.54369171255445,196.2473517881057,219.2936439990939,196.24735178810573,649.6138187613938,261.0893125504395,219.2936439990939,261.0893125504396,2199.3098226954207,695.1560714175258,594.1797776346182,445.1497594839611,350608_C0000085_SEG_UNCOMP,0.09362807298351601,0.71553,0.79651,1.48796
0.14400000000000002,3.0,156.42073427858108,66.75099271021283,71.64485087943065,66.75099271021283,225.04814162367356,74.40058038864949,71.64485087943065,74.40058038864949,899.3335120207428,243.57083135472553,215.8696816305014,164.52885761735305,350608_C0000085_SEG_UNCOMP,0.3149835480566929,0.72458,0.81499,1.46043
0.0944,4.0,100.21390465964647,36.643037881158484,36.40623825954413,36.64303788115848,175.92656771337,53.40005514957989,36.406238259544125,53.400055149579885,430.4676401464913,164.23802769146084,110.54169925634442,88.7481197548931,350608_C0000085_SEG_UNCOMP,0.4709784650983967,0.7226600000000001,0.8870100000000001,1.3903299999999998
0.2205,5.0,163.80167674337966,106.4419770864131,92.74704356900348,106.44197708641309,710.0466986814284,223.85291865138174,92.7470435690035,223.8529186513818,1640.5437540685778,718.2200351067157,278.26608218760583,246.56069725663727,350608_C0000085_SEG_UNCOMP,0.12978253747712615,0.5555,0.9643200000000001,1.4801799999999998
0.1668,6.0,136.0785829610456,76.8522957489469,65.33437743064489,76.85229574894689,354.27792734392057,112.27600374899822,65.33437743064489,112.2760037489982,1097.6662986499482,331.3629075350944,190.19036779163162,168.24379510480205,350608_C0000085_SEG_UNCOMP,0.1834500014261601,0.6274,0.85396,1.51864
0.1782,1.0,199.5401621320139,83.51764174149281,96.48908259639285,83.51764174149282,371.9857509701865,124.75668229807616,96.48908259639288,124.75668229807619,1168.7355157282857,374.7077136622333,267.99503860066784,198.90190447916993,350701_C0000082_SEG_UNCOMP,0.2640889596362295,0.6772600000000001,0.8290700000000001,1.49367
0.1973,2.0,223.58440878346272,107.33694158235059,114.428650244322,107.33694158235059,494.93871163237145,196.51637968538682,114.42865024432197,196.51637968538677,1409.147282797073,568.1311800319643,281.42848186900125,186.8175805651403,350701_C0000082_SEG_UNCOMP,0.07152553812283513,0.6206699999999999,0.8614200000000001,1.51791
0.1303,3.0,149.54747881449907,71.28581577694416,75.66313645573834,71.28581577694415,283.4629837652965,106.66055269955332,75.66313645573834,106.66055269955332,613.5643053826716,265.6962974701061,171.65707491974547,134.57882324010993,350701_C0000082_SEG_UNCOMP,0.2565933493263334,0.73588,0.9477700000000001,1.31635
0.057999999999999996,4.0,35.47176439990857,12.715364403268033,11.493341796216995,12.715364403268033,51.67448281530899,18.359204248393155,11.493341796216997,18.35920424839316,172.35402249776206,57.00734030900673,34.967587866253545,29.933639211327133,350701_C0000082_SEG_UNCOMP,0.6038584041352747,0.7392,0.93169,1.32911
0.1008,5.0,68.83605136634277,29.370071196449135,25.655018428914452,29.370071196449125,137.7657233126777,43.82423452249867,25.655018428914452,43.82423452249867,527.3862607250974,152.9392706212076,75.54066612822177,72.26135018286762,350701_C0000082_SEG_UNCOMP,0.16607685160069308,0.6253,0.92189,1.45281
0.1481,6.0,135.19456095531643,51.9316922551489,67.51697745968833,51.93169225514891,273.56597538643007,103.90967744006188,67.51697745968833,103.90967744006188,908.7969165210167,277.1586305696197,181.93524750814305,106.43634956842573,350701_C0000082_SEG_UNCOMP,0.1910132721698428,0.6766,0.8580200000000001,1.46538
0.0872,1.0,165.19023337032968,34.051269616476105,28.974992442837646,34.0512696164761,142.5781475520083,23.049066771445858,28.974992442837642,23.049066771445858,236.98817833853164,87.49150167184979,84.8248574160354,96.68915300620493,350701_C0000083_SEG_UNCOMP,0.5732815380186733,0.8863700000000001,0.9816299999999999,1.1320000000000001
0.2303,2.0,441.21950949208764,127.60970882139755,153.9768727186482,127.60970882139753,648.1808637608781,329.507281475399,153.97687271864822,329.50728147539905,1070.2409277743097,790.024982641133,407.1071572150585,336.32470628386903,350701_C0000083_SEG_UNCOMP,0.32377440737970353,0.75137,1.01732,1.2313100000000001
0.0743,3.0,88.96059628947818,25.40737424827923,19.281804819858035,25.40737424827923,109.74673861265092,23.784877549324325,19.28180481985803,23.784877549324325,252.79047517401486,81.63271829026306,65.24131836289993,70.04684886349547,350701_C0000083_SEG_UNCOMP,0.617152966817017,0.82411,0.94119,1.23469
0.09,4.0,86.55212850647705,37.94176264390041,22.104167481921845,37.94176264390041,163.0608763631184,45.26863804581913,22.10416748192185,45.26863804581914,285.21997342919997,134.77979374088105,84.17298889649365,97.50444125260893,350701_C0000083_SEG_UNCOMP,0.6114903346425689,0.81863,0.97405,1.2073200000000002
0.2718,5.0,629.5072984098296,188.96073202086276,208.76585362817175,188.96073202086274,960.3633988224713,398.40436208330993,208.76585362817175,398.40436208330993,1417.8997212403654,935.956958138705,556.9888439201426,525.3641170148858,350701_C0000083_SEG_UNCOMP,0.26553506286925616,0.76486,0.9978299999999999,1.2373100000000001
0.0887,6.0,87.58866295772039,30.060624325469895,29.916627598381446,30.060624325469888,183.65325324752183,102.15849773768261,29.916627598381446,102.15849773768262,347.2978907756447,266.6179442885434,112.83998199246422,102.83049374432129,350701_C0000083_SEG_UNCOMP,0.7558322946395398,0.75967,1.02459,1.21574
0.0352,1.0,33.81378025136266,20.17710459010153,14.920577766081177,20.177104590101525,81.4440029471065,26.433280748055342,14.920577766081175,26.433280748055346,193.92161463962785,68.16392490033212,41.333035562335695,45.25152453363325,350702_C0000096_SEG_UNCOMP,0.9061441208178355,0.72637,0.95381,1.3198299999999998
0.0305,2.0,1.7103179842090586,2.4538909863885885,1.6151296482875346,2.453890986388588,20.634156705418,11.52210012261996,1.615129648287535,11.522100122619964,33.61001168610236,22.62125107078236,5.9364220275447765,5.555858351214133,350702_C0000096_SEG_UNCOMP,1.3599793424697253,0.6996100000000001,1.00955,1.29084
0.0329,3.0,23.530664253867187,9.84547043756338,9.988049447826283,9.845470437563382,39.562303312672825,16.045361975592368,9.988049447826281,16.045361975592368,204.40303315064077,63.0877874585165,35.16057972553331,26.11445971739054,350702_C0000096_SEG_UNCOMP,1.0869096607232638,0.64668,0.89056,1.46276
0.0552,4.0,43.98907589705367,22.75848101540108,22.323543290087578,22.758481015401085,158.25591068697216,46.52867672440319,22.323543290087578,46.52867672440319,288.2458409705472,126.34603613400377,59.89866934600104,62.16562840131215,350702_C0000096_SEG_UNCOMP,0.3354227804222256,0.65227,1.03283,1.3149
0.064,5.0,27.184552064164876,19.32857957144131,15.0564433486742,19.32857957144131,142.2311492599754,45.61885628068278,15.056443348674202,45.618856280682785,276.57706068498885,118.84332435396442,40.78998963246658,40.60316598748117,350702_C0000096_SEG_UNCOMP,0.5083593021261764,0.6542100000000001,1.06536,1.28043
0.09,6.0,78.62266967023848,34.764048638139094,36.09622114424179,34.764048638139094,216.50529919711082,87.5305367184292,36.09622114424179,87.53053671842922,389.61725592764964,227.65974731342826,96.23142043550051,96.24758856910526,350702_C0000096_SEG_UNCOMP,0.7311119956723576,0.79532,0.98251,1.22217
0.1697,1.0,183.5070346874948,69.62148923238556,70.06553866613048,69.62148923238556,424.17719617317385,110.44455917946522,70.06553866613048,110.44455917946523,933.8570548769356,330.6065395940747,213.12910992298745,182.9026619077612,350703_C0000118_SEG_UNCOMP,0.30695046536977005,0.70528,0.96846,1.32627
0.0802,2.0,78.00055923699746,27.215255623785403,31.217789269196455,27.2152556237854,182.60262050686214,54.23988356485708,31.21778926919645,54.23988356485709,265.26811841661515,154.50734489647218,80.73576976284757,72.88986098556072,350703_C0000118_SEG_UNCOMP,0.45371620600322765,0.6795800000000001,1.07375,1.2466700000000002
0.0139,3.0,0.05891689477396048,0.04618577048453946,0.1748179453466876,0.046185770484539444,0.207320189775038,0.24326162303829033,0.17481794534668757,0.24326162303829038,1.6569739789156626,0.4753185610862415,0.41339019637752755,0.14616215640555008,350703_C0000118_SEG_UNCOMP,1.2584668241480277,0.70602,0.83226,1.46173
0.0398,4.0,0.9319596650985456,0.41870832210809855,0.12734855165300552,0.4187083221080985,4.243842257176609,1.9912035571537645,0.12734855165300552,1.9912035571537645,33.227130824782414,4.878152011029666,1.2893878989346965,1.4391350145829949,350703_C0000118_SEG_UNCOMP,0.5998658908299063,0.57604,0.9223100000000001,1.50165
0.2657,5.0,404.41234087908134,145.4378922879876,167.6228123729459,145.43789228798758,860.4528654829284,265.92110469447533,167.6228123729459,265.9211046944754,2022.3875206575622,769.6675142216467,455.18818710735655,371.9217879991374,350703_C0000118_SEG_UNCOMP,0.15687942999038584,0.67382,0.9224600000000001,1.40373
0.1503,6.0,123.9739339402603,38.77344287282839,58.03966183157543,38.77344287282839,245.9887658393281,86.69263707777877,58.03966183157542,86.69263707777876,1005.0660514344062,260.3701552840475,161.8110360521414,110.68935261391536,350703_C0000118_SEG_UNCOMP,0.3188420046244202,0.6664399999999999,0.87697,1.45659
0.1012,1.0,92.50034015223913,29.09717114110041,36.732051854602524,29.097171141100414,214.7092457438919,60.922559460086966,36.73205185460252,60.92255946008695,551.9088083177055,212.92820661974324,104.74822128553828,71.07116015867334,350704_C0000129_SEG_UNCOMP,0.534355701362449,0.72188,0.9842700000000001,1.29385
0.1613,2.0,209.42208006042696,76.8422216446988,74.38723016820946,76.84222164469878,415.9509070749882,132.6138405706648,74.38723016820944,132.6138405706648,1083.5415405497922,438.85271900230737,245.05759344421034,195.00699792510326,350704_C0000129_SEG_UNCOMP,0.22827029292058937,0.70168,0.96888,1.32944
0.2162,3.0,306.0514555354906,123.93962216124022,116.58647926472545,123.93962216124024,457.9785869474827,138.05921346365693,116.58647926472545,138.05921346365693,1455.6285021796307,407.08846716380515,346.7631465989939,268.28640606163543,350704_C0000129_SEG_UNCOMP,0.22203280099248765,0.72407,0.82673,1.44921
0.1138,4.0,79.86640193326834,32.926559465909655,28.88096164006279,32.926559465909655,249.84489351209507,70.51522579511906,28.880961640062786,70.51522579511905,427.5569212827184,236.79488959907408,93.83281866055898,83.09402271392469,350704_C0000129_SEG_UNCOMP,0.43759484245808994,0.6412,1.07397,1.28483
0.2067,5.0,260.0307325792691,94.33881513207105,109.26087632441538,94.33881513207105,675.3373135723525,221.63625761289072,109.26087632441538,221.63625761289072,1534.756454323862,736.9705850815812,328.5074734311958,229.9074875275189,350704_C0000129_SEG_UNCOMP,0.23061832429914458,0.6341,0.97441,1.39149
0.0608,6.0,44.65364115841617,14.805812215060785,17.433890108542474,14.805812215060786,111.88585023845661,37.118914834055246,17.433890108542474,37.118914834055246,326.2357571710307,104.12024424795412,47.63351857476653,36.77879898524378,350704_C0000129_SEG_UNCOMP,0.4789708451769394,0.70394,0.98834,1.3077299999999998
0.1984,1.0,239.70067471102473,119.52107097057315,100.53611144321833,119.52107097057316,482.10742239218973,156.99497455108462,100.53611144321833,156.99497455108465,1209.665679913009,418.73126145661195,245.8983647620927,248.6043777853653,350705_C0000245_SEG_UNCOMP,0.2208440110558199,0.6551100000000001,0.9268700000000001,1.41802
0.0949,2.0,89.26089258129005,33.029816614614084,39.24923260725191,33.0298166146141,165.2893993347493,47.778344491315714,39.249232607251905,47.77834449131571,410.05242550646653,134.8481737828993,99.66562561844084,79.0345421640906,350705_C0000245_SEG_UNCOMP,0.5139365900227171,0.7344,0.86721,1.39838
0.1815,3.0,241.5285913458886,91.24184883399062,98.72599531547415,91.24184883399062,362.9818171858521,108.139619215453,98.72599531547414,108.13961921545298,1084.3584226483388,286.2893907321685,250.9760280163396,216.75437215551588,350705_C0000245_SEG_UNCOMP,0.15836755125199908,0.6935100000000001,0.8409399999999999,1.46555
0.0354,4.0,11.932263935499769,5.143127706520143,5.794820728194816,5.1431277065201435,49.82932654612411,13.992188748060219,5.794820728194816,13.99218874806022,92.48948916803414,35.35794052091755,15.949506567362166,14.833478519313955,350705_C0000245_SEG_UNCOMP,0.7514794600889433,0.6417,1.00435,1.35395
0.1535,5.0,119.87015073175169,63.14228040853157,66.11230400242465,63.14228040853156,298.0494018343827,102.84244339160743,66.11230400242465,102.84244339160743,752.0186634428567,285.4553351458157,167.28338495472337,138.72750024067292,350705_C0000245_SEG_UNCOMP,0.2163569169318832,0.67166,0.93055,1.3978
0.16,6.0,148.5068555929986,76.79449649478093,76.08399221185432,76.79449649478094,355.79836651816873,112.63192736187743,76.08399221185432,112.63192736187744,893.4540527712946,318.3100689548076,194.7151740490409,153.12349963472755,350705_C0000245_SEG_UNCOMP,0.20953296135550287,0.64352,0.9264100000000001,1.4300700000000002
0.1438,1.0,143.0828849904515,64.64441039265267,60.50742385937922,64.64441039265267,280.0845690318708,80.69302919317161,60.507423859379216,80.69302919317161,867.2798367598186,247.97921232054028,174.2672278215491,150.1993856832259,350901_C0000049_SEG_UNCOMP,0.4399365821323927,0.7373,0.89643,1.36628
0.08,2.0,77.30308818813386,36.33835771253362,61.001759086791886,36.33835771253362,219.0354676210876,54.88555275076909,61.00175908679188,54.8855527507691,250.3210409088661,143.5601900826731,136.89146778239117,81.09757761358469,350901_C0000049_SEG_UNCOMP,0.3603120698231426,0.78236,1.04825,1.16939
0.1467,3.0,186.11551948384206,68.33533576123862,68.21263929251668,68.33533576123861,302.0782547907063,70.85989343396892,68.21263929251668,70.85989343396892,877.6041508063845,214.17997710625775,182.36174117629392,158.25999356480904,350901_C0000049_SEG_UNCOMP,0.19973228973648366,0.75237,0.87705,1.37058
0.0948,4.0,81.31270263976008,21.76453285902216,36.19914587805245,21.76453285902216,122.10832729860506,50.122952508736795,36.19914587805245,50.122952508736795,534.5212178672899,163.481374205848,98.34416252497861,59.964938577762176,350901_C0000049_SEG_UNCOMP,0.558070180067403,0.70295,0.8744299999999999,1.42262
0.1922,5.0,348.7028233301738,102.37865324969464,127.12776654564844,102.37865324969462,457.5776913163886,129.77407673856615,127.12776654564844,129.77407673856615,1433.2395429158973,396.6734254383754,376.6630788486779,266.65578879927324,350901_C0000049_SEG_UNCOMP,0.3677643501834394,0.76168,0.8292700000000001,1.40904
0.1461,6.0,174.31623435857568,59.3555146417686,65.32871830898524,59.35551464176861,282.7934362188305,78.70065273030855,65.32871830898526,78.70065273030855,890.4688974368228,252.0772626598533,187.74578450412173,147.37602999640993,350901_C0000049_SEG_UNCOMP,0.4045941747111981,0.74398,0.8847299999999999,1.3712799999999998
0.1906,1.0,258.11201639786856,85.28031282050242,107.11352333368583,85.2803128205024,351.3091975861724,146.8368248841201,107.11352333368583,146.8368248841201,1323.0735761084036,452.4090487596027,295.7007980142605,184.11237254684696,350902_C0000057_SEG_UNCOMP,0.2489242601421816,0.63653,0.7854899999999999,1.57799
0.2407,2.0,364.2336458415122,144.69374321065015,163.70747969624742,144.69374321065013,576.8534860233357,202.4347018599066,163.70747969624742,202.43470185990657,1654.5363227472035,569.0382458614403,447.8682076001356,290.11694244227476,350902_C0000057_SEG_UNCOMP,0.15384164781026127,0.69839,0.80278,1.49884
0.1323,3.0,102.12202931994696,51.031732591559724,47.66846136446288,51.03173259155972,224.65481849961768,94.3769056025997,47.66846136446287,94.3769056025997,677.2084585676524,285.52273532474976,139.07699576245213,114.7531083985153,350902_C0000057_SEG_UNCOMP,0.26966487637839043,0.64945,0.94553,1.40503
0.1993,4.0,294.8772163184573,105.40480677709681,116.10663443325986,105.40480677709681,403.3678117182609,159.85352442422598,116.10663443325986,159.85352442422595,1411.3984262317558,487.7871369202963,335.83942251317916,221.50386574396512,350902_C0000057_SEG_UNCOMP,0.30321728133482845,0.6484,0.80777,1.54383
0.0519,5.0,35.79325587093407,15.429285500365905,15.608494201140157,15.429285500365909,70.13876508953335,23.308954804861887,15.608494201140159,23.308954804861887,230.52757271523308,78.31567602099574,54.24199505974149,38.98422023282673,350902_C0000057_SEG_UNCOMP,0.7523689013211275,0.71667,0.8967299999999999,1.3866
0.2025,6.0,330.6254756914215,118.40019889064449,136.70768404918658,118.40019889064449,608.1447787059298,178.09498055441674,136.70768404918658,178.09498055441674,1229.9913836536637,463.63214278249626,386.953041852178,234.9580164552068,350902_C0000057_SEG_UNCOMP,0.2684276789161732,0.73452,0.8574200000000001,1.40806
0.0821,1.0,36.5080907373494,7.8448209838951,17.336903063003565,7.844820983895099,61.08463572380663,20.118610128638103,17.336903063003565,20.118610128638107,489.1576933967644,74.1624762404817,67.03913854146388,29.77448890988389,350903_C0000061_SEG_UNCOMP,0.5536542210285648,0.70496,0.7494,1.54565
0.0192,2.0,0.5783273834746203,0.0331803038007612,0.25596519232551357,0.0331803038007612,0.24338364493420758,0.14020048311411595,0.2559651923255137,0.14020048311411593,6.699939533468215,0.4970202955522081,0.6999800337376785,0.19380978365917745,350903_C0000061_SEG_UNCOMP,1.5596211635120771,0.6913100000000001,0.75107,1.55761
0.084,3.0,43.41501801052034,11.386647265935174,27.162803272125764,11.386647265935174,38.35587079242418,18.56597180118275,27.162803272125764,18.56597180118275,487.6760688625654,47.590488758615244,62.200242039537365,35.035543899361116,350903_C0000061_SEG_UNCOMP,0.14828450421547335,0.69042,0.73047,1.57911
0.0266,4.0,0.6775762066897874,0.17675944037768043,0.17432067983524457,0.1767594403776804,1.1659071873285909,0.8507219444278608,0.1743206798352446,0.8507219444278606,17.13929750891802,1.9516197998466827,1.200701429119313,0.7698963951067169,350903_C0000061_SEG_UNCOMP,0.7899447834640021,0.61541,0.89261,1.49197
0.0721,5.0,43.2244590310609,12.905603260064854,22.711483670138797,12.905603260064852,77.0370256688349,36.11975501364238,22.711483670138797,36.11975501364238,492.9798391242628,117.5238752126052,73.40459987417012,38.790890721548365,350903_C0000061_SEG_UNCOMP,0.7219699245736034,0.62497,0.76467,1.61036
0.11599999999999999,6.0,100.56889871954417,22.352681808647613,41.75428035417373,22.352681808647613,112.78492622233608,51.77300158164736,41.75428035417373,51.773001581647364,808.0246025472837,174.27114922163898,138.07265595441194,64.72413400032185,350903_C0000061_SEG_UNCOMP,0.39786476896541423,0.70182,0.76466,1.53352
0.239,1.0,344.62339986249316,137.4483662641603,136.08589149043638,137.4483662641603,597.106766813286,222.14373314051247,136.08589149043638,222.1437331405125,1711.026493335419,674.1643249916807,364.2063309148342,289.76231061524595,350908_C0000201_SEG_UNCOMP,0.08245601598088878,0.6320399999999999,0.8937299999999999,1.47423
0.2898,2.0,727.1476290494015,256.2079930655948,292.54761618165,256.2079930655948,699.2288316491417,287.2248466973375,292.54761618165,287.2248466973375,2218.865053734678,755.3311833485309,749.6577484941607,489.20077188023214,350908_C0000201_SEG_UNCOMP,0.14844211162736604,0.74734,0.76263,1.49003
0.2536,3.0,445.5534786961825,181.74001959090594,166.5541350199677,181.74001959090592,762.5704031977991,269.51719224475636,166.55413501996773,269.51719224475636,1875.0121316812783,776.5789654272937,429.81618314656737,386.07734932220666,350908_C0000201_SEG_UNCOMP,0.13239195373377657,0.65163,0.92396,1.42441
0.2605,4.0,435.9502657203808,167.39039539979103,194.6260785050562,167.39039539979103,808.0165318278797,265.949732660446,194.62607850505617,265.949732660446,1923.0740956766297,722.6491243022392,509.78266819122126,366.8230295684771,350908_C0000201_SEG_UNCOMP,0.18365188736861862,0.66688,0.86469,1.46842
0.1383,5.0,128.99889516727814,56.851473811775776,59.272325742282185,56.851473811775776,238.11812877350218,102.01897720486079,59.2723257422822,102.01897720486082,675.5287416376626,264.38870242439725,161.13704552705406,128.6134683607506,350908_C0000201_SEG_UNCOMP,0.16184406288997732,0.71097,0.9140299999999999,1.375
0.2454,6.0,316.73925892909915,157.4147402709044,144.6952390013018,157.41474027090436,965.4062965517289,311.2865150606111,144.69523900130176,311.28651506061107,1722.8686707117276,877.8782373278136,386.2446161372528,338.97969977335254,350908_C0000201_SEG_UNCOMP,0.20580599376620534,0.61002,0.99455,1.39542
0.0715,1.0,109.47905275159238,30.69747421141579,22.03390644353389,30.697474211415788,151.53770206912677,25.10223011767926,22.033906443533894,25.10223011767926,272.9325604478024,73.2203744174852,57.64916157177014,86.02040768941986,350910_C0000231_SEG_UNCOMP,0.6388360696195847,0.79609,0.92427,1.2796399999999999
0.1441,2.0,175.5532635953586,61.648112116148205,87.15278589340873,61.64811211614821,349.8835042847306,121.47366906204783,87.15278589340872,121.47366906204785,954.9141291390704,344.63405013888257,244.65390238636436,165.2064803198196,350910_C0000231_SEG_UNCOMP,0.6128137087504791,0.73152,0.82611,1.44236
0.1667,3.0,194.6182796396727,77.50585161768014,101.35985380893582,77.50585161768011,436.85696732217303,151.94762423049892,101.35985380893581,151.9476242304989,1115.537075594112,399.0782001967922,277.4869736438919,189.85063892403943,350910_C0000231_SEG_UNCOMP,0.4715410099692295,0.69891,0.8693,1.43179
0.1668,4.0,208.8900718593397,104.39071732233961,96.79124659551181,104.39071732233963,388.6701811617184,146.84585666154734,96.79124659551184,146.84585666154737,1076.480030332978,443.7173520548528,259.3786048704176,227.3233313093965,350910_C0000231_SEG_UNCOMP,0.45679505806141857,0.69106,0.91386,1.3950799999999999
0.0486,5.0,18.048655048666145,6.002624543835206,11.354621285148957,6.0026245438352035,40.61036521727463,14.527357218464537,11.354621285148957,14.52735721846454,239.69215751175236,54.98348702485954,28.72427813540641,18.699078596035122,350910_C0000231_SEG_UNCOMP,0.8542622921790992,0.70167,0.8923399999999999,1.40599
0.1344,6.0,157.3673104029281,74.24841820159,71.40663405482599,74.24841820158997,253.78962343563097,91.82659697314531,71.406634054826,91.82659697314534,810.6630321192044,269.3948358461803,201.88067995237066,168.3938600706992,350910_C0000231_SEG_UNCOMP,0.5045910805411518,0.7127899999999999,0.85821,1.4290100000000001
0.1496,1.0,196.3892036229045,69.4151671501702,65.05772487579364,69.4151671501702,386.0794573697016,108.8549179967914,65.05772487579362,108.8549179967914,859.0182090231838,332.98370663354285,192.67712462641956,150.12100769459482,350912_C0000226_SEG_UNCOMP,0.34163783953692783,0.6884100000000001,0.85906,1.4525299999999999
0.0904,2.0,53.53736130232979,22.84668744614637,24.714859190968756,22.84668744614637,126.79156482163036,44.19121121373652,24.714859190968756,44.19121121373652,526.1624286615851,176.97798515022754,92.25237867853365,54.84951012640932,350912_C0000226_SEG_UNCOMP,0.35215546007146126,0.61348,0.8192,1.56732
0.0772,3.0,66.5448652279074,14.623709879614221,23.574289502287563,14.623709879614223,59.75584245844611,28.800999296039063,23.574289502287563,28.800999296039056,348.00610283200257,86.68159005073143,70.45874042744045,37.496406196959576,350912_C0000226_SEG_UNCOMP,0.367855828394098,0.67371,0.8338200000000001,1.49247
0.0803,4.0,78.38423991363537,30.884862408538986,25.446676147685597,30.884862408538986,158.92347310708308,62.145218625740505,25.446676147685597,62.14521862574049,514.9107462290747,214.3556632370509,78.02382737219499,69.85309009423663,350912_C0000226_SEG_UNCOMP,0.53721968551735,0.54972,0.96805,1.48223
0.0451,5.0,101.46659342257306,31.034598242556537,14.616974621009483,31.034598242556527,100.5941761712434,14.467060987417504,14.616974621009481,14.467060987417504,103.54806212487578,43.47335222306343,40.61189546213489,80.94734604525534,350912_C0000226_SEG_UNCOMP,0.6251525051388722,0.85893,1.0040799999999999,1.13699
0.0509,6.0,142.8930458224925,41.41040373551348,16.064934149308293,41.41040373551347,111.67172086254149,11.59204699845427,16.06493414930829,11.59204699845427,116.630432374162,34.677504277957695,42.28146702229653,85.49663257643496,350912_C0000226_SEG_UNCOMP,0.7626185345944693,0.91135,0.97965,1.10899
0.0381,1.0,0.9927532100778962,0.45036450162674196,0.20857417400667733,0.4503645016267418,2.1269196095353866,0.3503553578479711,0.20857417400667733,0.3503553578479711,3.3941548221747495,1.736260766296224,1.3869999220675453,1.3233200527334614,350913_C0000239_SEG_UNCOMP,0.7604693816150039,0.78279,0.92847,1.28875
0.0288,2.0,14.223577086047367,4.8152472158378945,4.457815368391491,4.8152472158378945,34.76103437174991,10.661749882677153,4.45781536839149,10.661749882677153,34.448188428011036,30.373738291894654,14.059539606603725,14.886836108146648,350913_C0000239_SEG_UNCOMP,0.756646403272806,0.69534,1.07721,1.22745
0.0253,3.0,8.528693606854066,1.2839368658406156,2.6486144927120825,1.2839368658406154,5.789254604069539,2.5820160713719824,2.648614492712083,2.5820160713719824,35.00179596390771,5.651698148618281,8.392578306437624,3.99880974631662,350913_C0000239_SEG_UNCOMP,0.6761444537369333,0.8370200000000001,0.8695799999999999,1.2934
0.08900000000000001,4.0,50.8457273684144,24.035287112944864,22.569989940570757,24.035287112944868,149.740238725246,44.75413382158469,22.569989940570757,44.75413382158469,407.1550513904949,146.6559640088783,65.43229910610609,55.16690781207173,350913_C0000239_SEG_UNCOMP,0.5969545348996859,0.61492,0.9225399999999999,1.46254
0.1198,5.0,85.10104802417257,30.610795036608053,38.40218828437291,30.61079503660805,156.5485509936588,54.18277486904235,38.402188284372905,54.18277486904235,539.0460782159352,173.18662979168255,114.84853955141081,76.03886271378343,350913_C0000239_SEG_UNCOMP,0.3009967212740969,0.66498,0.79883,1.53619
0.135,6.0,108.95433200610046,35.413136480370135,41.96341621418907,35.41313648037013,237.3832429232373,68.38703922573764,41.96341621418906,68.38703922573764,590.7998955532693,197.54489005720126,136.40512249839063,107.6051936542475,350913_C0000239_SEG_UNCOMP,0.25033012167170127,0.73005,0.8108,1.45915
0.1195,1.0,158.62660540528628,68.43796673070686,66.77287650137995,68.43796673070688,370.54703938061726,135.90086490683322,66.77287650137997,135.90086490683322,728.9286643998711,362.1368529939205,171.66085834095776,161.78805030685274,350914_C0000261_SEG_UNCOMP,0.5165699675068413,0.6879,0.97854,1.33356
0.107,2.0,96.70645540029487,40.065324005395965,38.790286010893,40.06532400539597,204.47792367542527,68.55345481380805,38.790286010893,68.55345481380805,537.9366721598386,186.3128327616713,103.6624660334895,77.57135581948661,350914_C0000261_SEG_UNCOMP,0.3021165789035834,0.6903699999999999,0.92227,1.38736
0.0867,3.0,90.94875115068227,33.05457458318711,35.25546744086956,33.054574583187105,132.67263744582525,69.68220133804516,35.25546744086955,69.68220133804515,448.2869268864922,181.2062115714584,98.4956646187072,90.3704374353873,350914_C0000261_SEG_UNCOMP,0.5111869921835054,0.71928,0.94111,1.33961
0.1128,4.0,103.6408774658464,42.236211512769756,35.64520634388877,42.23621151276975,294.5694872656804,91.11312165270414,35.64520634388878,91.11312165270414,666.1062777050663,273.84106979864146,97.94718134556877,94.13522408977059,350914_C0000261_SEG_UNCOMP,0.27518999628068225,0.61403,0.9936799999999999,1.39229
0.1927,5.0,206.1246283824768,76.01835612945875,89.18089181258068,76.01835612945877,554.7023234957528,180.32547966192897,89.1808918125807,180.32547966192897,1511.351179473919,667.3989987677558,282.5751540433956,216.624746209448,350914_C0000261_SEG_UNCOMP,0.3189008724261395,0.56684,0.92212,1.51104
0.1331,6.0,174.5456430109459,73.82719633494101,68.61471879726703,73.82719633494101,297.21009053740863,101.89640077029165,68.61471879726705,101.89640077029165,848.0641725061862,280.11133319822164,180.1871494829188,137.9337855034474,350914_C0000261_SEG_UNCOMP,0.2962398479073692,0.71409,0.8856200000000001,1.40029
0.1665,1.0,285.34417791002085,92.085707250004,107.45965762552657,92.08570725000399,356.31980536677526,125.94425924045014,107.45965762552657,125.94425924045012,1136.5340988724588,392.1779988099867,304.6033378783349,200.8680181841153,350915_C0000250_SEG_UNCOMP,0.4068870133325152,0.69534,0.8204,1.4842600000000001
0.0967,2.0,93.92649126325539,35.041358476524884,35.524120212094836,35.04135847652489,119.0318789498969,48.036317228145116,35.524120212094836,48.03631722814512,372.8809246894753,138.1901647762433,106.07699970271787,77.74221377139266,350915_C0000250_SEG_UNCOMP,0.32661778347704556,0.79916,0.87636,1.3244799999999999
0.0963,3.0,71.40642512111928,39.20974335429227,26.46966251379184,39.20974335429228,295.7890085832166,63.143578947071184,26.46966251379184,63.14357894707118,308.7864627646551,189.97246505603053,68.6073654692334,85.79295496647092,350915_C0000250_SEG_UNCOMP,0.29190573510834716,0.6808,1.13313,1.1860700000000002
0.1146,4.0,85.45264477184307,38.52175244849909,42.66980735089995,38.5217524484991,154.72332545296788,64.02325271032682,42.66980735089995,64.02325271032682,589.0293555509004,205.54333054801776,125.51591734897507,86.41761802478231,350915_C0000250_SEG_UNCOMP,0.21893041518225112,0.65762,0.8990100000000001,1.44337
0.0833,5.0,106.58672126804322,42.67130044112495,37.14288939703109,42.67130044112496,152.69426072674122,41.68617423964409,37.14288939703109,41.68617423964408,380.0301718743739,126.85796413795799,97.95827310638421,102.17299455487804,350915_C0000250_SEG_UNCOMP,0.5484691737589883,0.77527,0.9209299999999999,1.3038
0.1116,6.0,124.51703169535509,46.02240805530939,49.04688742873663,46.022408055309384,150.8443745080461,59.0640502264252,49.04688742873663,59.06405022642521,591.9053251376092,192.1252836368361,128.4777628036672,102.63017171168484,350915_C0000250_SEG_UNCOMP,0.3600200960426782,0.6612,0.87974,1.45906
0.13,1.0,137.70812171816127,46.15829469684322,53.191823835225364,46.158294696843214,184.17252435072805,69.78621065864131,53.19182383522536,69.78621065864131,703.3405052650443,200.78504829646937,129.8054289806817,101.6440707251414,351001_C0000037_SEG_UNCOMP,0.2169415335956214,0.70295,0.84624,1.4508
0.1578,2.0,184.21684725883975,82.98731811773304,70.57254974882987,82.98731811773303,315.21298809289254,98.82216700668305,70.57254974882987,98.82216700668303,923.8574645404268,265.3829649460274,204.1765191995342,169.09390652770804,351001_C0000037_SEG_UNCOMP,0.13410051569515458,0.71259,0.82411,1.46331
0.1438,3.0,146.39972538021368,52.8477770039314,55.03709172389351,52.8477770039314,194.29531091755578,81.17429895827799,55.037091723893504,81.17429895827797,621.4208594407309,222.00679433546986,145.92553742190856,121.6257252437625,351001_C0000037_SEG_UNCOMP,0.17913540223982838,0.74759,0.9154899999999999,1.33691
0.1402,4.0,131.80653562453776,56.597536669228944,67.76585480069637,56.59753666922895,256.41326690407584,116.76692058152435,67.76585480069639,116.76692058152436,859.9704285447316,319.58371197691366,163.9497022246319,126.24049633825744,351001_C0000037_SEG_UNCOMP,0.20362299542682158,0.60975,0.8763700000000001,1.51388
0.1847,5.0,357.78386781675556,124.70276543372826,113.78130699180065,124.70276543372825,447.6774089243815,124.22028113980308,113.78130699180066,124.22028113980306,1046.0151447174246,345.4793307829186,301.392640729224,274.5986989142935,351001_C0000037_SEG_UNCOMP,0.1720363843336936,0.76669,0.8801100000000001,1.3532
0.1464,6.0,124.51961221312258,58.73105523314693,70.4848046221843,58.73105523314693,265.9181071018415,114.64494556672331,70.48480462218431,114.64494556672334,913.0610595172889,318.3537244205582,179.44248805959137,135.84135250423316,351001_C0000037_SEG_UNCOMP,0.22148946802124855,0.6552600000000001,0.86555,1.47919
0.0294,1.0,12.030673145237149,4.408480708772625,3.5682751963769617,4.408480708772625,17.73012700620335,7.68660576574037,3.5682751963769617,7.68660576574037,35.30306179881397,21.348542634448613,10.714369828879246,12.60143764967268,351002_C0000151_SEG_UNCOMP,0.7163915302220991,0.6247,1.1037700000000001,1.2715299999999998
0.0859,2.0,51.01545448308196,20.705519729332025,22.02869539463199,20.70551972933202,135.98569193819475,36.545079068482075,22.028695394631985,36.545079068482075,263.01291952056533,102.76188962443821,65.06202894621939,49.78268125095586,351002_C0000151_SEG_UNCOMP,0.4540869187600297,0.69219,0.9520799999999999,1.3557299999999999
0.1283,3.0,116.79426996890933,56.455293321848515,53.05366409050523,56.455293321848515,259.6304895813624,75.98309903040547,53.05366409050523,75.98309903040547,719.8745175306311,255.12979473870564,157.84321641052279,124.85172305754692,351002_C0000151_SEG_UNCOMP,0.3813625499925015,0.6452399999999999,0.91281,1.4419600000000001
0.0104,4.0,0.2590205015699166,0.6202122931272644,0.06597796673511937,0.6202122931272643,4.434979516083707,0.14711976879805272,0.0659779667351194,0.14711976879805275,0.25337906821586653,0.4968495935175554,0.23051107366500803,1.2522689107050398,351002_C0000151_SEG_UNCOMP,1.281990033549626,0.79915,1.01874,1.1821
0.035,5.0,36.397265410625586,16.780392986767442,10.333467040751017,16.780392986767442,87.90507620081438,23.94692830552481,10.333467040751016,23.946928305524814,190.9451217143718,73.58233607323494,40.324778254631006,44.010657042196534,351002_C0000151_SEG_UNCOMP,1.0441338847391164,0.65455,0.83567,1.50978
0.0672,6.0,31.93152273712014,9.8355967368981,12.198252944287663,9.835596736898099,78.73312096303816,20.596919552180722,12.198252944287665,20.596919552180726,235.1810928532376,76.26231333720546,47.621819962372896,25.909334240852544,351002_C0000151_SEG_UNCOMP,0.3712238798979693,0.67643,0.95954,1.3640299999999999
0.1054,1.0,119.44559190640217,39.760694272628115,47.71590457261375,39.76069427262812,180.0598556056469,60.52148533117035,47.715904572613745,60.521485331170354,605.954227028723,204.75464493182488,130.03605709761163,94.36448012662927,351102_C0000226_SEG_UNCOMP,0.48344489917075656,0.68333,0.8617600000000001,1.45491
0.0892,2.0,46.21624008505879,30.19910413930517,22.747115208153907,30.199104139305167,150.31089628009838,52.67144260349768,22.74711520815391,52.67144260349768,514.2388467235057,185.00216188141601,75.29767064566313,57.21306208066525,351102_C0000226_SEG_UNCOMP,0.506364605792577,0.57695,0.9405100000000001,1.48254
0.0489,3.0,26.01850750895335,8.629873596905096,9.995240320699045,8.629873596905096,46.98867401143694,19.733259116506634,9.995240320699047,19.733259116506634,218.1161871540178,62.60342867096036,29.28827368060071,21.509300367113184,351102_C0000226_SEG_UNCOMP,0.4181531163502108,0.6570199999999999,0.8930899999999999,1.4498799999999998
0.0289,4.0,12.961924462600019,5.880338530310234,6.0553227825274325,5.880338530310234,16.284282568582444,6.538234112736007,6.055322782527434,6.538234112736007,105.74518845168235,21.150974604429575,15.909028032339007,15.050139526810195,351102_C0000226_SEG_UNCOMP,0.47610606778731185,0.73783,0.79055,1.4716200000000002
0.1316,5.0,125.65263022067964,59.86040514507108,58.55210387356316,59.86040514507107,386.06680602688954,119.49853557188422,58.552103873563176,119.49853557188425,831.4519997062163,386.09370177124697,165.81901995486166,138.33206391690015,351102_C0000226_SEG_UNCOMP,0.49043379302290524,0.58854,0.966,1.44546
0.0767,6.0,53.75847559088679,14.517350067670193,21.156444721900858,14.51735006767019,68.25410911391884,29.905014485900832,21.156444721900858,29.905014485900836,368.54731826337047,91.7872840937081,65.29565339919296,39.31869547534682,351102_C0000226_SEG_UNCOMP,0.29876956425859974,0.6882,0.8561700000000001,1.45563
0.0879,1.0,41.662723986483954,14.026260678488944,17.495044405860842,14.02626067848894,60.64536386963371,20.97254323091379,17.495044405860842,20.972543230913786,492.9402914121651,69.36001577660875,51.486221784737566,39.67505865928668,351301_C0000034_SEG_UNCOMP,0.36291994185280935,0.64912,0.79908,1.55179
0.0853,2.0,52.11593690994726,23.474090715221447,25.113837324406294,23.474090715221443,109.24245582650356,39.873626977198654,25.11383732440629,39.873626977198654,568.6213233343567,121.61309327518615,76.5087694443632,65.5970732440498,351301_C0000034_SEG_UNCOMP,0.5351969911975716,0.64084,0.7836,1.57556
0.0664,3.0,50.233809186558915,13.654912890221265,22.66920350128748,13.654912890221263,114.84695342306325,72.89163726830303,22.669203501287484,72.89163726830304,259.2068984759109,175.0288731462581,63.074172643798796,45.264940222085635,351301_C0000034_SEG_UNCOMP,0.4427668859866822,0.70317,1.01568,1.28116
0.1248,4.0,73.5555644648125,30.21869622527475,38.202939103199995,30.218696225274755,363.23283437950215,161.11631126063324,38.2029391032,161.1163112606332,570.9930840346934,432.38636247240237,109.60943921964177,89.02381911409273,351301_C0000034_SEG_UNCOMP,0.3153860947442908,0.60378,1.0751700000000002,1.32105
0.0443,5.0,15.631965448052783,6.408467756206113,7.962665667956171,6.4084677562061145,68.19285422390013,29.000638552212855,7.962665667956172,29.000638552212855,178.23526689832653,82.62940283687179,20.267486916054626,19.963135212710934,351301_C0000034_SEG_UNCOMP,0.7021679404358865,0.59955,0.9614799999999999,1.43897
0.0517,6.0,23.377577384022928,7.350020378195004,7.9176595893203245,7.350020378195003,67.21720542057892,21.022021649877736,7.917659589320325,21.022021649877736,207.46626171690647,67.94050702939948,27.03392658838736,21.241856698353157,351301_C0000034_SEG_UNCOMP,0.6466287702636009,0.6623100000000001,0.8956700000000001,1.44202
0.2915,1.0,406.6157361625928,165.69229222338274,175.75755339002762,165.6922922233827,896.0067027296826,294.3471375770302,175.75755339002757,294.34713757703014,2046.5446881547307,939.1129206278604,492.4008910597538,364.4958038311945,351302_C0000051_SEG_UNCOMP,0.21953288624952627,0.59208,0.93452,1.4734
0.1459,2.0,146.38787211415683,81.84015998589129,57.690147296233405,81.84015998589132,361.9178186179239,124.77970268484228,57.690147296233405,124.77970268484229,641.8811721695981,367.2451965997897,138.05165632970798,158.41251478468584,351302_C0000051_SEG_UNCOMP,0.2265029074200162,0.6554800000000001,1.0653700000000002,1.27915
0.2184,3.0,217.75810704900303,87.56898393103533,100.73682753325551,87.5689839310353,560.2104308482436,162.69581845503086,100.73682753325548,162.69581845503083,1348.3943943490294,537.7701891407527,286.98948451062955,189.59041827902263,351302_C0000051_SEG_UNCOMP,0.27759844885725243,0.60938,0.9173600000000001,1.47325
0.1915,4.0,186.84242433580545,99.87769327944876,86.76277867155618,99.87769327944875,651.767594360417,200.24353845160675,86.76277867155619,200.24353845160675,1009.0868491859761,598.5605937705424,227.8610689974187,221.86487158828584,351302_C0000051_SEG_UNCOMP,0.26688376351711746,0.60226,1.0914,1.30635
0.2807,5.0,363.70798051944263,169.8686631011606,170.51338967540164,169.86866310116056,924.2971574677132,288.0286843771936,170.5133896754016,288.0286843771936,1906.8812958631663,882.8128503098498,467.39997268837465,364.70718847651324,351302_C0000051_SEG_UNCOMP,0.1697463626807684,0.59472,0.9316,1.4736799999999999
0.222,6.0,303.23074083509874,116.85892142836146,125.26639057133066,116.85892142836144,690.1467312540832,191.50216743617966,125.26639057133066,191.50216743617966,1274.3091066238285,506.1016556033477,309.39519141946164,244.196184817126,351302_C0000051_SEG_UNCOMP,0.13083788314893163,0.68875,0.9371799999999999,1.3740700000000001
0.0574,1.0,26.070866798466653,11.652345254321872,15.828667449128043,11.65234525432187,69.88621836186344,26.786264975996453,15.828667449128044,26.786264975996456,228.84440602484204,84.30170047214969,39.39207535395109,33.339580330042864,351303_C0000072_SEG_UNCOMP,0.44407281035872836,0.60941,0.9827899999999999,1.4078
0.1016,2.0,67.14153124590058,39.539572107322144,37.32531622235265,39.53957210732215,213.66636637228896,69.46000463810822,37.32531622235265,69.46000463810822,590.9266753567038,236.78322952071892,112.565572936695,83.13724186958481,351303_C0000072_SEG_UNCOMP,0.42482690187868766,0.61157,0.91489,1.47354
0.09699999999999999,3.0,7.073262047915614,2.3882601456350585,4.810882630467575,2.388260145635058,18.873528977861316,14.655939616294296,4.810882630467576,14.655939616294297,112.74024865936492,58.17139172473818,15.134719995893725,11.938090342168795,351303_C0000072_SEG_UNCOMP,0.5426076122333128,0.5733,0.9579799999999999,1.46872
0.0686,4.0,43.73165784878783,21.24774042564894,21.981206115131144,21.24774042564894,130.753489477383,52.54607602808462,21.981206115131144,52.54607602808461,376.65083758003436,161.54512594978442,54.24718758587742,44.96994120068028,351303_C0000072_SEG_UNCOMP,0.45418289051407296,0.52145,0.9874799999999999,1.49106
0.0782,5.0,42.51194254961965,19.076139254815967,23.249197183431928,19.076139254815963,131.36618350338904,47.331413603506135,23.249197183431924,47.331413603506135,397.00103386495715,168.9328413798808,64.07457523773671,47.37457128525822,351303_C0000072_SEG_UNCOMP,0.34305172754437424,0.53345,1.0143,1.45225
0.0894,6.0,6.124098009252765,2.143248385570344,2.147485859446898,2.1432483855703435,58.915699134348365,11.59824189828458,2.1474858594468986,11.59824189828458,106.14949453133373,66.70014841781277,10.279319464270703,9.459420696698281,351303_C0000072_SEG_UNCOMP,0.6060939155800182,0.57425,0.9868600000000001,1.43888
0.1666,1.0,193.2745466580977,73.89366437715128,76.39215062291221,73.89366437715127,259.3487657985985,87.43757234297743,76.39215062291221,87.43757234297745,1030.035998979507,274.0003576740839,209.81085823326336,170.12517514530424,351304_C0000089_SEG_UNCOMP,0.20546097359247956,0.6837300000000001,0.82896,1.4873100000000001
0.1982,2.0,298.8881065559873,118.69516922467311,113.20215203813774,118.69516922467311,351.13459111930047,124.50293614971062,113.20215203813775,124.50293614971064,1239.3330168783891,392.74758157659693,341.18960276508017,252.2816096325823,351304_C0000089_SEG_UNCOMP,0.11257574608478246,0.7169399999999999,0.79886,1.4842
0.1779,3.0,217.8996589607275,95.33248005802749,84.78519632693937,95.33248005802746,452.63506585261905,133.43088837544985,84.78519632693937,133.43088837544985,1024.3547735754287,392.1918251620107,239.97299016508097,194.19853090488758,351304_C0000089_SEG_UNCOMP,0.15389853649014745,0.68406,0.9103600000000001,1.40557
0.16699999999999998,4.0,153.4780897391759,63.07226942951349,64.11856397948006,63.07226942951349,337.0362788779902,98.07973964814165,64.11856397948006,98.07973964814165,915.036320565802,294.4518905183404,187.02550422429752,129.79004827087502,351304_C0000089_SEG_UNCOMP,0.21162755477203407,0.64505,0.87231,1.48264
0.0802,5.0,45.42688825802878,17.647219113339474,16.33002290188466,17.647219113339474,130.26332979115438,35.28087366471329,16.330022901884657,35.28087366471328,249.3294011392452,128.19219124012946,53.02659555448817,45.099299047361825,351304_C0000089_SEG_UNCOMP,0.19739036438743873,0.65973,1.0894,1.2508700000000001
0.1292,6.0,113.5613140467364,39.58446220886064,52.05393135629101,39.58446220886064,369.1946591550257,102.9959662848287,52.05393135629101,102.99596628482868,650.3714583630575,303.53794976790164,138.7359955067329,107.08601280024023,351304_C0000089_SEG_UNCOMP,0.411744266395922,0.64482,0.9997799999999999,1.3554
0.2608,1.0,432.59437979327487,180.9213390691517,177.5140189046222,180.92133906915174,1090.0667740103308,305.26010850762543,177.5140189046222,305.26010850762543,1780.6733090840235,895.3089795727759,480.719839929351,411.4729956024999,351304_C0000091_SEG_UNCOMP,0.3150730835750542,0.66606,0.9917600000000001,1.34218
0.3106,2.0,602.0451873711287,212.1472282820139,220.2533371711887,212.1472282820139,977.8464974480682,336.43976917276046,220.2533371711887,336.4397691727605,2318.987598566985,945.3343444146359,606.3558485737584,459.2099250588433,351304_C0000091_SEG_UNCOMP,0.1449031949280603,0.65661,0.8719,1.47149
0.1683,3.0,177.25841407559452,76.88799720316919,75.01005364603883,76.88799720316919,360.7832339682527,106.67566102839609,75.01005364603883,106.67566102839608,816.5428934781967,296.23633931490923,208.03413546981014,191.78801785332973,351304_C0000091_SEG_UNCOMP,0.19135296729752335,0.75045,0.9686100000000001,1.28094
0.3038,4.0,474.358912372354,245.06248281906656,219.94835681059172,245.0624828190665,1391.2681532065021,435.43913521793917,219.94835681059178,435.43913521793917,2088.5224505952237,1214.3936969617093,560.3692253958731,554.3098937716328,351304_C0000091_SEG_UNCOMP,0.2672972728185851,0.65571,1.0465200000000001,1.29777
0.2549,5.0,323.6050600915233,148.7877200869616,123.6559326227001,148.7877200869616,646.8831283016453,219.88301222295976,123.65593262270012,219.88301222295976,1763.7967161428455,698.4437200131388,380.17575185625697,323.16955674447524,351304_C0000091_SEG_UNCOMP,0.1770831669727322,0.62949,0.9017,1.46881
0.1444,6.0,171.23998285688893,61.886180394976066,67.24084440048402,61.88618039497605,205.9316638306455,62.66187656484752,67.24084440048402,62.66187656484751,512.130398256352,193.69681608692684,183.2028601305822,144.0176947654222,351304_C0000091_SEG_UNCOMP,0.2595111479471076,0.80966,0.91512,1.27521
0.1047,1.0,81.18990789006946,41.813767661620496,24.260877708891325,41.81376766162049,184.7337117410408,46.34415457948338,24.260877708891325,46.34415457948337,405.84864326657294,141.954265163402,84.59752177662011,103.84215800007941,351305_C0000122_SEG_UNCOMP,0.3885112635709706,0.79199,0.9193899999999999,1.28862
0.1354,2.0,107.60865957507075,45.8321379153336,43.40920945824584,45.83213791533358,327.87218517234413,97.97254956780027,43.409209458245826,97.97254956780027,572.6895689518966,317.9875828134457,111.79775483469005,99.34448378085602,351305_C0000122_SEG_UNCOMP,0.282467967923213,0.603,1.07271,1.32429
0.0946,3.0,43.52520837076031,21.928541482252804,20.08378269194787,21.928541482252797,126.36464364165334,38.72115875014194,20.08378269194787,38.72115875014194,398.612349468471,153.34648584742467,62.68607026409263,60.09993319519342,351305_C0000122_SEG_UNCOMP,0.3801074234554308,0.61811,0.9390700000000001,1.44282
0.1106,4.0,89.56644984039048,29.421888386307966,37.99056817961829,29.421888386307963,234.61747249390123,77.97287062423173,37.990568179618286,77.97287062423172,512.5750151978092,251.58624581396236,99.19268093005601,65.98788040369739,351305_C0000122_SEG_UNCOMP,0.43256766925701085,0.6047899999999999,1.04528,1.3499299999999999
0.0611,5.0,34.005546104648786,15.999011314967378,12.794488066669741,15.999011314967378,90.87232241208685,25.51388489643124,12.794488066669743,25.513884896431236,250.63543790703812,104.63731597069813,46.52369217672411,46.3693167109628,351305_C0000122_SEG_UNCOMP,0.6234916921618258,0.58022,0.99735,1.4224299999999999
0.011000000000000001,6.0,0.4390001634227426,0.14010023171524474,0.06329159637942555,0.14010023171524477,0.5739782693878981,0.04322617701782656,0.06329159637942557,0.04322617701782656,0.7309829681624453,0.16803566928554678,0.2912041743784929,0.47357449875569024,351305_C0000122_SEG_UNCOMP,1.540539183800017,0.68462,0.8113199999999999,1.50406
0.133,1.0,106.88281966302323,43.01128603714101,35.77398252044481,43.01128603714102,183.5674390977569,56.224554683423015,35.77398252044481,56.22455468342301,676.4358647837739,197.42457679656064,135.11013509538216,110.17622167456815,351308_C0000194_SEG_UNCOMP,0.5329240067508171,0.64947,0.8768100000000001,1.4737200000000001
0.2212,2.0,206.65460846634576,98.7764519310543,104.6558735031296,98.77645193105431,624.5420484471781,207.0644216311195,104.6558735031296,207.06442163111953,1303.3512053400925,634.6460289804543,281.19800253475245,219.0694358328072,351308_C0000194_SEG_UNCOMP,0.14565036750154337,0.60948,0.9899700000000001,1.40055
0.2947,3.0,537.8058630728848,172.6771028276365,215.5336970568188,172.67710282763653,877.4446486034966,294.4120878645879,215.53369705681877,294.41208786458793,2171.3637239982017,892.0528816761927,732.7741004605593,475.44500372276343,351308_C0000194_SEG_UNCOMP,0.37943685503171126,0.71146,0.83385,1.45469
0.1982,4.0,161.93025778338722,65.2683496587199,80.86924277061738,65.2683496587199,398.1624778440103,130.57613467216828,80.86924277061738,130.57613467216828,1058.067560651332,433.31010226596396,244.30222964015988,163.84863676808754,351308_C0000194_SEG_UNCOMP,0.17271899949214398,0.63945,0.92511,1.43544
0.2084,5.0,211.31819503652062,73.4641047857326,99.42840130361091,73.4641047857326,397.0215307293826,137.69669622386704,99.42840130361091,137.69669622386704,1252.5023212083693,434.02171456308594,304.13708294682965,185.71966663257052,351308_C0000194_SEG_UNCOMP,0.22438992917561798,0.69079,0.84109,1.46812
0.2975,6.0,447.51370202558206,185.17090917691593,188.89711440041899,185.17090917691593,1161.7802982309215,369.8355197746952,188.89711440041899,369.8355197746951,2095.745656808733,1108.040275711486,569.5834507142921,455.34870682371957,351308_C0000194_SEG_UNCOMP,0.3386373107709552,0.61641,0.9770399999999999,1.40655
0.2252,1.0,384.371537888735,150.13632461639548,130.31094527200216,150.1363246163955,666.8143376225458,184.2935387629615,130.3109452720022,184.2935387629615,1387.5558941169522,499.32331408601925,364.2990882706949,312.0150114526602,351310_C0000159_SEG_UNCOMP,0.21055773435500755,0.73623,0.88789,1.37588
0.1508,2.0,166.30096191158523,88.16724870337484,65.82881572559222,88.16724870337484,469.8999267185305,149.71252369154112,65.82881572559222,149.71252369154115,873.9222508953958,432.1718530453783,174.3191703996537,186.0308936727896,351310_C0000159_SEG_UNCOMP,0.21261575417202172,0.63802,1.06224,1.29975
0.2232,3.0,369.48206950263983,152.66444393595606,125.53108147653697,152.66444393595606,652.0680631508221,176.36450903671025,125.53108147653694,176.36450903671022,1357.7023078300128,488.2445327620683,334.6530524155395,310.4292433160064,351310_C0000159_SEG_UNCOMP,0.1415583821129736,0.75066,0.9104700000000001,1.33887
0.2065,4.0,290.42414006046386,174.33059569537576,127.99045321322293,174.3305956953758,821.2528710147539,256.2252421351226,127.99045321322292,256.2252421351225,1287.9722866082022,713.5702059001463,312.9338087419926,337.15095888762255,351310_C0000159_SEG_UNCOMP,0.2770568425314174,0.6330600000000001,1.0651899999999999,1.30176
0.1385,5.0,162.752036005646,70.63008443519055,73.68976746815746,70.63008443519054,354.22719886986,105.41315829437839,73.68976746815746,105.41315829437839,552.7156899047561,294.61720312887803,184.40387126350768,172.1602439586277,351310_C0000159_SEG_UNCOMP,0.36619178733769703,0.77583,0.9864799999999999,1.23769
0.2774,6.0,580.4661669043336,219.29730751882494,192.90378979806547,219.297307518825,1104.3091572171213,330.75602643713665,192.9037897980655,330.75602643713665,1932.8338309174228,915.3548477165285,506.00319951075255,458.79501691638666,351310_C0000159_SEG_UNCOMP,0.19687120941150918,0.71322,0.97352,1.31325
0.1301,1.0,217.442380512697,68.68816387549005,84.21305270759964,68.68816387549003,261.05803265007836,92.07336150780372,84.21305270759964,92.07336150780372,1017.7940640361724,347.96966367600885,299.63570492991323,170.00045670576256,999998_C0000220_SEG_UNCOMP,0.6511534182515046,0.71859,0.79338,1.48803
0.1706,2.0,230.73243385387255,61.52249689855339,92.26643458835959,61.52249689855339,378.42733878909297,120.80561096117766,92.26643458835957,120.80561096117768,1391.6275513931325,530.126158109088,324.64386071424684,158.49651029368994,999998_C0000220_SEG_UNCOMP,0.536597650956594,0.66665,0.7998,1.53355
0.1211,3.0,95.92770721886056,51.44834328350474,42.42096965250999,51.44834328350473,253.20258423497296,72.77273726892017,42.42096965250999,72.77273726892017,810.2706991533549,223.01168591413048,136.04447429518888,114.89942562229632,999998_C0000220_SEG_UNCOMP,0.2580250607945176,0.61237,0.83611,1.55152
0.1497,4.0,110.05353250900308,61.40751201535683,53.905837947784526,61.40751201535683,393.2899990340034,111.77536416852753,53.90583794778452,111.77536416852753,1124.300207582625,521.9325158298799,190.240346184779,138.70332274621583,999998_C0000220_SEG_UNCOMP,0.33526392430159113,0.58521,0.92505,1.48974
0.0863,5.0,57.16847428609933,25.08802016218118,30.36537503736803,25.088020162181184,275.06864758504423,72.54134130963887,30.365375037368032,72.54134130963887,681.3997663170003,292.2718971592221,86.36832789429673,82.24599217635087,999998_C0000220_SEG_UNCOMP,0.5308171582638167,0.57291,0.95883,1.4682600000000001
0.1287,6.0,118.83515771572964,63.40080765320244,57.354264526904494,63.400807653202406,324.4681996770988,99.0463947203619,57.35426452690449,99.04639472036189,919.0178920267879,361.084617415576,200.60806718108753,134.85202404310982,999998_C0000220_SEG_UNCOMP,0.5730716440889504,0.63278,0.85826,1.50896
