ROI Number,Scan,BV/TV,SMI,Mean Tb N,Mean Tb Sp,Std Tb Sp,Min Tb Sp,Max Tb Sp,Mean Tb Th,Std Tb Th,Min Tb Th,Max Tb Th,Coefficient of Variation
1,310101_C0000118_SEG_UNCOMP,0.07230338209214282,1.5624772405720926,0.0209410866527,43.0458212204,29.066656523000002,2.0,86.5794448853,4.7071925838099995,1.16948832113,2.0,8.24621105194,0.5443958783192407
2,310101_C0000118_SEG_UNCOMP,0.03979681034374332,1.4297658916137226,0.012988442819700002,72.3006072579,31.514312974299997,2.0,107.49884033200001,4.69091619712,1.15771587099,2.0,8.24621105194,0.9352888551680374
3,310101_C0000118_SEG_UNCOMP,0.17106355415246458,0.9394030320905118,0.044465407973,17.1780144435,6.170632257209999,2.0,37.4165725708,5.31137777363,1.4052784484399998,2.0,8.94427204132,0.22005148034569966
4,310101_C0000118_SEG_UNCOMP,0.0794505515237652,1.6664318993694218,0.0291063562759,29.249963041599997,11.026450414500001,2.0,56.4623756409,5.10679362421,1.23774701388,2.0,8.4852809906,0.2674421420847708
5,310101_C0000118_SEG_UNCOMP,0.0705236645829927,1.6144891731571147,0.025733971924400002,33.7504313046,11.384190885799999,2.0,59.363288879399995,5.10870800498,1.25669413412,2.0,9.38083171844,0.4046453816375042
6,310101_C0000118_SEG_UNCOMP,0.07362716490371916,1.5155721924557828,0.0276679727507,31.2875040241,11.7377211514,2.0,56.9209976196,4.85536806167,1.11913366033,2.0,8.4852809906,0.3983833935540597
1,310201_C0000160_SEG_UNCOMP,0.07314921956557284,1.3874800943275214,0.0190362317712,46.9855313204,23.6699272701,2.0,85.5102310181,5.5458736349399995,2.10442840509,2.0,10.770329475399999,0.4957050190193321
2,310201_C0000160_SEG_UNCOMP,0.10690410907215717,1.5103063906950145,0.021661259221,40.3630167874,33.4569973096,2.0,101.84301757799999,5.8023510610699995,2.27405327997,2.0,14.966629982,0.5661146603764029
3,310201_C0000160_SEG_UNCOMP,0.13063629617517955,1.3273825244572892,0.0339814317057,23.9646740024,12.937845666500001,2.0,55.063598632799994,5.463162018769999,2.24626173568,2.0,15.6204996109,0.4527752297311391
4,310201_C0000160_SEG_UNCOMP,0.09232992063591887,1.3844076491477193,0.028409703223599998,29.964101492399998,11.9577464835,2.0,55.3534088135,5.23513984177,2.0189448327400004,2.0,14.0,0.25660187019649044
5,310201_C0000160_SEG_UNCOMP,0.07358628799979876,1.8299447242673472,0.0272259384385,32.2540833827,22.4284961544,2.0,83.4026412964,4.4755963768900004,1.17665922951,2.0,8.4852809906,0.5350536633526363
6,310201_C0000160_SEG_UNCOMP,0.12400637679701157,1.3812865667779617,0.031313566203099996,26.1640274513,14.2707055428,2.0,57.8273277283,5.77101289235,2.30338133937,2.0,13.5646600723,0.3895253680227587
1,350104_C0000094_SEG_UNCOMP,0.20616266492258545,0.48590498874257604,0.050313788223800004,14.728538945499999,4.39352231178,2.0,27.276363372800002,5.14672855678,1.33530360831,2.0,10.1980390549,0.1807440238221159
2,350104_C0000094_SEG_UNCOMP,0.2720468009106116,-0.26411912142610183,0.0549063040153,12.9833540066,5.258354935280001,2.0,31.874753952,5.2294909105,1.2583204714,2.0,9.7979593277,0.1696248988316364
3,350104_C0000094_SEG_UNCOMP,0.25379054674431184,0.1076707042859184,0.05644327616019999,12.5897068331,4.33056249524,2.0,27.1293201447,5.127195303500001,1.12227334286,2.0,9.7979593277,0.10136519974660181
4,350104_C0000094_SEG_UNCOMP,0.11177946595897216,1.2984586482645026,0.036101583043,22.892747928000002,9.07100731913,2.0,44.8107147217,4.80686842426,1.2676321721,2.0,10.0,0.36417971747348765
5,350104_C0000094_SEG_UNCOMP,0.08018319141710792,1.3438683444336337,0.0255568874922,34.5145845268,20.070064316,2.0,73.5934753418,4.613810912769999,1.07268914017,2.0,8.4852809906,0.5105145886454405
6,350104_C0000094_SEG_UNCOMP,0.19392632095287207,0.5623908034708219,0.0476251218284,16.0881548774,7.11363528982,2.0,42.0,4.909166737890001,1.08860668114,2.0,10.0,0.27255688327620753
1,350107_C0000104_SEG_UNCOMP,0.13850981674569535,0.8903677783374623,0.04575007153440001,17.417374704500002,5.5589467267299995,2.0,36.276714325,4.44051461587,1.09092443184,2.0,8.4852809906,0.148983712157421
2,350107_C0000104_SEG_UNCOMP,0.15930829989812215,0.8282302458311325,0.0392885779801,20.2397779196,11.1169227051,2.0,61.122825622600004,5.2129121856300005,1.4471236707700001,2.0,10.1980390549,0.16916727329662393
3,350107_C0000104_SEG_UNCOMP,0.16682807803086522,0.6421082007489994,0.034559278777699994,22.9585913905,6.963459288310001,2.0,37.3630828857,5.9771976469500006,1.7695042285799998,2.0,13.4164075851,0.2033290417169159
4,350107_C0000104_SEG_UNCOMP,0.1128076773114317,1.149430602591298,0.0405817401988,20.243962481700002,6.37332737036,2.0,36.276714325,4.39766193118,1.04860951452,2.0,9.7979593277,0.28691035472339477
5,350107_C0000104_SEG_UNCOMP,0.0830178474851271,1.4407862602648245,0.033752536120599995,25.438476822600002,9.89737050434,2.0,52.038448333699996,4.18892647612,0.941822137608,2.0,7.483314991,0.14805175197965253
6,350107_C0000104_SEG_UNCOMP,0.10981423019356787,1.0318235938074305,0.0292710502724,29.185181034299998,13.5540731903,2.0,59.3969688416,4.97826683284,1.23391728533,2.0,9.38083171844,0.34003656190698966
1,350108_C0000130_SEG_UNCOMP,0.0814755304564378,1.6103476102227132,0.030787835231400003,27.664577154299998,9.921888980539999,2.0,53.178943634,4.81578375714,1.0192817647499999,2.0,7.483314991,0.24755087433629802
2,350108_C0000130_SEG_UNCOMP,0.18706371766008026,0.7378578407215073,0.038097060073599996,19.8813176039,5.9188458734800005,2.0,33.0454216003,6.36742699919,1.7603544645500002,2.0,11.3137083054,0.09635123848274084
3,350108_C0000130_SEG_UNCOMP,0.0719527840315947,1.7233144681650836,0.028642237176700003,30.0974280942,10.2823209393,2.0,57.861904144300006,4.8160458021,1.14015632049,2.0,8.24621105194,0.21407424030423444
4,350108_C0000130_SEG_UNCOMP,0.21661143044008704,0.4758394037406815,0.0458211017373,15.948213031199998,4.09123496037,2.0,28.9136638641,5.87579298534,1.3203031701799999,2.0,10.1980390549,0.07785052387266099
5,350108_C0000130_SEG_UNCOMP,0.1394861458739482,0.8962537841100887,0.0298840528243,28.1149366127,16.8039596202,2.0,74.53858184810001,5.34772676434,1.3043377060299999,2.0,9.7979593277,0.2882465258336233
6,350108_C0000130_SEG_UNCOMP,0.11237375325443044,1.2150144033585313,0.031453254439599995,26.607944468899998,11.2122944546,2.0,54.589374542200005,5.18526796066,1.26901307191,2.0,9.38083171844,0.3997786887334564
1,350201_C0000066_SEG_UNCOMP,0.20254191454840453,0.4379454068259943,0.045954931553600004,16.653137825199998,6.08158793354,2.0,30.659420013400002,5.10731238533,1.19599484275,2.0,8.4852809906,0.19138041732070837
2,350201_C0000066_SEG_UNCOMP,0.24120203252543804,0.2363362050581967,0.054676654107,13.1704376302,4.08422713614,2.0,24.413110733000003,5.11890388739,1.24226218571,2.0,9.38083171844,0.07969731226999616
3,350201_C0000066_SEG_UNCOMP,0.06349283710868225,1.859260223971981,0.031623985925300004,27.116582573000002,7.064327980560001,2.0,42.5205841064,4.504984751319999,1.03444420193,2.0,9.16515159607,0.3135653850151883
4,350201_C0000066_SEG_UNCOMP,0.15110304753040613,0.8115258071311204,0.0437763971048,18.3246334905,5.95041543524,2.0,32.0,4.5187265422300005,1.08345229809,2.0,8.24621105194,0.18231619382092654
5,350201_C0000066_SEG_UNCOMP,0.11953664457217605,1.3261281718734788,0.038069948683300006,21.3569684363,6.92538841482,2.0,37.2558708191,4.9104691250300005,1.13791843292,2.0,8.4852809906,0.17101723490083331
6,350201_C0000066_SEG_UNCOMP,0.23219968053127396,0.3374421952553545,0.05360818517490001,13.536360471400002,4.85958254302,2.0,31.5594673157,5.11750734257,1.52960068623,2.0,11.4891252518,0.13482588091527425
1,350202_C0000070_SEG_UNCOMP,0.2653131170840303,-0.0741586707893397,0.0659296111904,10.2865700149,3.5759544912199996,2.0,24.2487106323,4.88112143576,1.35309395537,2.0,8.94427204132,0.1379792843072665
2,350202_C0000070_SEG_UNCOMP,0.2070462349227112,0.4782443765599109,0.06476343979469999,11.1580994481,4.48264095875,2.0,28.705400466900002,4.28271103339,1.02389524942,2.0,8.4852809906,0.21361477287728511
3,350202_C0000070_SEG_UNCOMP,0.18132522922509967,0.6333709325260468,0.0488124794014,15.921793346700001,10.3606334543,2.0,50.833061218299996,4.5647709963,1.20304276468,2.0,10.0,0.38172339778033737
4,350202_C0000070_SEG_UNCOMP,0.127386582313507,1.2288517787129651,0.0455349124091,17.729674050699998,8.62955924766,2.0,48.166378021199996,4.23149699572,0.905708605686,2.0,7.2111024856600014,0.24418865233798295
5,350202_C0000070_SEG_UNCOMP,0.12309765177908864,1.080977244674482,0.0442226329133,18.802088853,12.903634641500002,2.0,62.513999938999994,3.81076646845,0.859607267919,2.0,6.324555397030001,0.26086433507283824
6,350202_C0000070_SEG_UNCOMP,0.26250990478825764,-0.13530932342182234,0.0651017224982,10.6923056501,3.9349339104900003,2.0,23.409399032600003,4.66827102327,0.974665903425,2.0,8.24621105194,0.19098664385434802
1,350203_C0000099_SEG_UNCOMP,0.08179311255612713,1.3098905262312317,0.0339626197781,25.6254435087,14.6392882007,2.0,58.5832748413,3.8186926190099997,1.03785110745,2.0,8.4852809906,0.30817403896301643
2,350203_C0000099_SEG_UNCOMP,0.09320091312714604,1.3461382569878737,0.039866463770699995,21.0733533265,8.37609863735,2.0,48.3321838379,4.01038637393,1.0859077023100001,2.0,8.24621105194,0.25708953715054905
3,350203_C0000099_SEG_UNCOMP,0.08681153860666356,1.33571284501204,0.0312900551643,28.127769027800003,23.6223514587,2.0,90.1110458374,3.83126699019,0.978492424728,2.0,7.483314991,0.411999220523732
4,350203_C0000099_SEG_UNCOMP,0.14545260165771567,0.7731594029126833,0.0458569357575,17.5892409971,9.12235845268,2.0,46.7332839966,4.21771106981,1.09017158113,2.0,7.483314991,0.29406297891350236
5,350203_C0000099_SEG_UNCOMP,0.09546958129472877,1.296280277729034,0.039005364336,21.7569245266,13.7541193094,2.0,65.8786773682,3.88057475133,0.97887713787,2.0,8.0,0.3736109506957892
6,350203_C0000099_SEG_UNCOMP,0.08694989120454802,1.3281008147667392,0.035733418934699994,24.231189977,15.8591157308,2.0,67.4981460571,3.75381761008,0.9710122436849999,2.0,8.0,0.3515341910072576
1,350205_C0000112_SEG_UNCOMP,0.14611449306350385,0.7976246183437671,0.0404870262995,19.840365929100003,8.19977617653,2.0,36.276714325,4.85890421741,1.32007162855,2.0,10.0,0.38554781471747396
2,350205_C0000112_SEG_UNCOMP,0.15879104984466774,0.7125357955509212,0.0473216593346,16.448792869400002,4.60878324862,2.0,30.7896080017,4.6831795521399995,1.2076274479,2.0,8.4852809906,0.12362060092792078
3,350205_C0000112_SEG_UNCOMP,0.22297879431999695,0.08557930364535851,0.0461198250246,16.4660008167,8.01066781019,2.0,41.6653327942,5.21664866143,1.3452968194200001,2.0,9.16515159607,0.21535662849716977
4,350205_C0000112_SEG_UNCOMP,0.17767460726728465,0.5556126962374962,0.04328437138690001,18.0142932338,8.315577516869999,2.0,52.497619628900004,5.08873374698,1.38244139741,2.0,10.0,0.22647180616832216
5,350205_C0000112_SEG_UNCOMP,0.06463424604122907,1.3111250088469817,0.025226753477500002,35.6243779232,19.4683010878,2.0,69.685005188,4.016077631,1.00908810154,2.0,8.0,0.5325029544230417
6,350205_C0000112_SEG_UNCOMP,0.08723602953199089,1.226931082201335,0.0333619428375,25.8602287582,13.227009748399999,2.0,56.356010436999995,4.1140447687199995,1.06377727076,2.0,7.2111024856600014,0.3942169005279441
1,350206_C0000126_SEG_UNCOMP,0.10920579320059867,1.0565416878556326,0.029825227583,28.971696168,18.3714085969,2.0,71.4702758789,4.55696668018,1.08628267252,2.0,8.24621105194,0.22433836319787928
2,350206_C0000126_SEG_UNCOMP,0.13716716767077114,0.6842867662032128,0.0353768968392,23.3331327716,9.37128903596,2.0,46.0434570312,4.93390276133,1.34910910965,2.0,10.0,0.337720664027208
3,350206_C0000126_SEG_UNCOMP,0.13363917642471732,1.1326183481082177,0.0479973884392,16.4631887575,5.10046604291,2.0,32.3728294373,4.37127812742,1.06216969554,2.0,8.24621105194,0.22747981428201783
4,350206_C0000126_SEG_UNCOMP,0.09375275133007156,1.3140603371860269,0.037014184056300005,22.928244826599997,9.802816020760002,2.0,53.5910453796,4.08842528231,0.9016382943410001,2.0,7.2111024856600014,0.35707718154789386
5,350206_C0000126_SEG_UNCOMP,0.09696473266504836,1.3906290914473722,0.0322916650635,26.1755465348,12.2498617841,2.0,53.1413192749,4.79219693807,1.2845014265299999,2.0,8.94427204132,0.26057336845677453
6,350206_C0000126_SEG_UNCOMP,0.07654200259096683,1.5842409282589098,0.0294360233213,29.4934171738,15.495893276199999,2.0,61.8061485291,4.47856297733,1.1153401217799999,2.0,8.0,0.39829321462242034
1,350207_C0000137_SEG_UNCOMP,0.16026576276302715,0.9403624567871176,0.0462295017082,16.7699707073,5.98752129851,2.0,39.2937660217,4.86123800248,1.2493417463,2.0,8.24621105194,0.20839308241228535
2,350207_C0000137_SEG_UNCOMP,0.07955903253801552,1.4641207125944913,0.025943139589299998,34.255710008,23.915541080300002,2.0,77.691696167,4.2901258404,1.0130003447799998,2.0,7.483314991,0.5418998683771452
3,350207_C0000137_SEG_UNCOMP,0.1214720087539462,1.2125140404223609,0.038146709193699994,21.586651234699996,10.6412068928,2.0,49.678970336899994,4.627929816580001,1.17912547694,2.0,8.4852809906,0.26122442551109815
4,350207_C0000137_SEG_UNCOMP,0.08297225401536971,1.4878922775468688,0.029976365112299997,28.9618085721,14.698493870799998,2.0,62.0322494507,4.39780645305,1.0298296904000002,2.0,7.483314991,0.34188991923236645
5,350207_C0000137_SEG_UNCOMP,0.10928754700843953,1.3223791085677308,0.0364247078296,22.973463774000003,13.1812501704,2.0,64.5910186768,4.48042836639,1.12329858282,2.0,7.483314991,0.3176841035844496
6,350207_C0000137_SEG_UNCOMP,0.19515891682493366,0.5984312643342409,0.0515526181872,14.4745238044,4.761970945380001,2.0,28.2842712402,4.92313309771,1.33310342095,2.0,9.16515159607,0.18004551668534585
1,350208_C0000141_SEG_UNCOMP,0.032416956997497075,1.729331731320205,0.019502544500400003,47.734715454399996,22.503393545799998,2.0,92.3038482666,3.54064504948,0.7868149630140001,2.0,5.65685415268,0.3457227591117116
2,350208_C0000141_SEG_UNCOMP,0.03419824669525954,1.6647572992453967,0.014920973484200002,63.071594276999996,39.0864011423,2.0,117.728500366,3.94816157589,1.25811571327,2.0,9.16515159607,0.6489187503883883
3,350208_C0000141_SEG_UNCOMP,0.02598670557309419,1.7951983380592311,0.0187377580237,49.84447911270001,19.2649310987,2.0,78.6384124756,3.5236985920899997,0.778455879553,2.0,5.65685415268,0.46249794635189817
4,350208_C0000141_SEG_UNCOMP,0.010992742777365515,2.0625255588868328,0.0103521480575,92.97088036209999,28.3829543592,2.82842707634,115.394973755,3.62742894005,0.811951374684,2.0,5.65685415268,1.1102713643569169
5,350208_C0000141_SEG_UNCOMP,0.02504024802847548,1.6218066778634328,0.0129877645028,73.3843262692,35.2725982767,2.0,110.290527344,3.61121825167,0.80502086937,2.0,6.0,0.7989927852179421
6,350208_C0000141_SEG_UNCOMP,0.012522482297156223,1.9893959291453625,0.010526299168700001,91.4938622096,33.3360910087,2.0,124.06449890100001,3.5062877934599994,0.8155625818610001,2.0,5.65685415268,0.9491763826898357
1,350302_C0000111_SEG_UNCOMP,0.21148609556391265,0.5548319919034366,0.0504135272324,14.3971415031,4.17570570714,2.0,23.065124511700002,5.43880442054,1.4406112995200002,2.0,10.1980390549,0.2651390585663056
2,350302_C0000111_SEG_UNCOMP,0.12114971008841988,1.1594766782060002,0.0415929084124,19.6899787303,10.037008395299999,2.0,46.818798065200006,4.35258136394,1.00228743332,2.0,7.2111024856600014,0.22835364137631106
3,350302_C0000111_SEG_UNCOMP,0.2603670117096608,0.1598865500774216,0.0465121533187,14.974914415899999,6.66733875086,2.0,38.0,6.524842715219999,2.21232914062,2.0,13.4164075851,0.3516974863236935
4,350302_C0000111_SEG_UNCOMP,0.1598475605921491,1.0054981981136977,0.043798807363499996,17.6048099063,6.91468133005,2.0,42.5205841064,5.2268620089199995,1.39833772012,2.0,10.770329475399999,0.38661678470641925
5,350302_C0000111_SEG_UNCOMP,0.01740098356119587,1.8702247581942668,0.00976645457655,98.61857514329999,44.277990205500004,2.0,133.79087829600002,3.7727268549699997,0.925093708694,2.0,6.0,1.1472346243201015
6,350302_C0000111_SEG_UNCOMP,0.17130252682153774,0.8344440395937955,0.0414670023795,18.2853130439,4.95897176022,2.0,30.0,5.83024734428,2.23215962072,2.0,12.8062486649,0.28100300361537756
1,350303_C0000153_SEG_UNCOMP,0.06504144289182084,1.357408384386271,0.02437180965,37.1426940128,27.6715018432,2.0,95.83319091799999,3.8883174041400004,0.9620609042030001,2.0,7.2111024856600014,0.5605733336977949
2,350303_C0000153_SEG_UNCOMP,0.18365678493717533,0.4215566700185957,0.0532846373461,14.215878995399999,6.388494272509999,2.0,31.6859588623,4.55125633301,1.19646375069,2.0,10.0,0.3205671983182053
3,350303_C0000153_SEG_UNCOMP,0.2500801816192285,-0.14736277200361256,0.056409416069,12.593449543699998,5.4182822139199995,2.0,30.5941162109,5.13408726994,1.41417628146,2.0,11.4891252518,0.2338899493360314
4,350303_C0000153_SEG_UNCOMP,0.2345799740903317,-0.037206154250711915,0.05375728399640001,13.4979056072,5.92998555305,2.0,32.3728294373,5.10422466535,1.39089384283,2.0,9.7979593277,0.25838775561759275
5,350303_C0000153_SEG_UNCOMP,0.12704227300740814,0.7207202944100135,0.0340460505229,25.2388537126,19.595809754,2.0,72.8011016846,4.13312878294,0.932033168239,2.0,6.928203105930001,0.40841555438721405
6,350303_C0000153_SEG_UNCOMP,0.31640295823009296,-0.7300771389053656,0.0664191134066,9.78725188035,4.38353522513,2.0,35.6651077271,5.268655202890001,1.3821220556,2.0,10.3923044205,0.17496381596790844
1,350304_C0000179_SEG_UNCOMP,0.15731476473769604,0.6468371141562586,0.0264202389447,32.5106826344,29.5456932156,2.0,92.4986495972,5.33908859932,2.15096308142,2.0,12.6491107941,0.6077858853210006
2,350304_C0000179_SEG_UNCOMP,0.017408844504257486,1.769502954682238,0.0111840852035,85.5512147733,24.489207046799997,2.0,119.348228455,3.8615518324,0.874911286471,2.0,6.0,0.7215412463732247
3,350304_C0000179_SEG_UNCOMP,0.142221754059391,0.6684256577894652,0.0301971632332,28.4294130143,20.615522037999998,2.0,63.3087654114,4.68628041289,1.3372663715000002,2.0,8.94427204132,0.5422775109270398
4,350304_C0000179_SEG_UNCOMP,0.08996063239714742,1.2582133321686115,0.0313138777155,27.2899669996,9.95772196046,2.0,46.6904716492,4.6447556523,1.25655042392,2.0,8.94427204132,0.47316629989459363
5,350304_C0000179_SEG_UNCOMP,0.07389915353365112,1.5194432584695567,0.0281808719245,31.114510305,14.661777461600002,2.0,61.481704711899994,4.37055214016,1.24855862495,2.0,8.4852809906,0.36747930049193184
6,350304_C0000179_SEG_UNCOMP,0.15918409699774866,0.5243006352425162,0.0246251110494,34.8644419873,27.4050612573,2.0,82.17055511470001,5.7445119375600004,2.29274967406,2.0,16.9705619812,0.7026429336404408
1,350402_C0000050_SEG_UNCOMP,0.035289345592212015,1.884782342149304,0.016733674697700002,55.1703403492,19.1466125449,2.82842707634,83.2105789185,4.58939671174,0.929141812184,2.0,6.63324975967,0.1947724822523043
2,350402_C0000050_SEG_UNCOMP,0.044863974241261775,1.7649152065907436,0.0178151202337,51.799424259,31.132761732,2.0,99.71960449219999,4.3326695402599995,1.0457955355,2.0,8.24621105194,0.5794517379035795
3,350402_C0000050_SEG_UNCOMP,0.09366942533361844,1.6493667199310738,0.036333471669699996,22.721795866,9.100413507339999,2.0,46.6904716492,4.801035122719999,1.2216659998100001,2.0,8.717798233029999,0.33842243151016504
4,350402_C0000050_SEG_UNCOMP,0.029659338171481763,1.8834836806495223,0.0163965495615,56.74459104859999,23.957539883699997,2.82842707634,91.97825622559999,4.24385022364,0.937154818167,2.0,6.63324975967,0.7065517557534616
5,350402_C0000050_SEG_UNCOMP,0.08907549020840932,1.6572412164753278,0.0376113808844,21.9810181215,7.29335567011,2.0,43.3128166199,4.60667891292,1.10852759125,2.0,8.4852809906,0.33833383231242764
6,350402_C0000050_SEG_UNCOMP,0.09872086734501363,1.488607498575081,0.033810044547200005,24.647948696700002,8.66329978609,2.0,47.244049072299994,4.9290605440099995,1.07600927221,2.0,7.483314991,0.37014471018337214
1,350404_C0000120_SEG_UNCOMP,0.3755188222420667,-1.8441026343542597,0.049659613358500006,13.003536018499998,4.72431543185,2.0,28.1424942017,7.13355189599,1.96509950088,2.0,12.8062486649,0.26455228104633777
2,350404_C0000120_SEG_UNCOMP,0.2457582351239513,-0.01582014841445395,0.0500031180376,14.560577711199999,5.6957834264,2.0,37.2021522522,5.43817515158,1.44537664417,2.0,11.4891252518,0.22527117835817403
3,350404_C0000120_SEG_UNCOMP,0.3265152753845573,-1.2873604660785114,0.046823279197500005,14.3336767928,5.39678917142,2.0,31.874753952,7.023221253239999,2.01641597217,2.0,13.4164075851,0.36409818237636793
4,350404_C0000120_SEG_UNCOMP,0.1915790433546732,0.4874309377878402,0.0455639700363,16.425950553099998,4.89791862608,2.0,33.1662483215,5.521215139480001,1.4639978263100002,2.0,11.661903381300002,0.28964379461367246
5,350404_C0000120_SEG_UNCOMP,0.2555482536128894,0.0064319181938207745,0.0469248775122,15.3981909788,6.15752134341,2.0,36.8239059448,5.912466672690001,1.48178557032,2.0,13.4164075851,0.15648593301664296
6,350404_C0000120_SEG_UNCOMP,0.15093167897166287,0.9005581796481253,0.042141419398300003,18.5936287954,5.68726611799,2.0,37.2021522522,5.13599432306,1.26325484573,2.0,10.0,0.18035293993348436
1,350405_C0000145_SEG_UNCOMP,0.035556617656306994,1.7651694329058956,0.0175463334459,52.985165819799995,25.007225990300004,2.0,88.9044418335,4.00679794775,0.865489633091,2.0,6.324555397030001,0.6293328863565455
2,350405_C0000145_SEG_UNCOMP,0.29602110505993184,-0.19477296988141848,0.0574937890569,11.628944763900002,3.7037623447199994,2.0,23.6643199921,5.764238332969999,1.4210206834099999,2.0,11.3137083054,0.12833347310736515
3,350405_C0000145_SEG_UNCOMP,0.1935332737997912,0.7255508729830921,0.049333123140900006,15.081622364600001,5.429184290759999,2.0,36.441734314,5.18873427069,1.21756720341,2.0,9.16515159607,0.23144873353337006
4,350405_C0000145_SEG_UNCOMP,0.1494978429572239,1.130394763330118,0.043470569048699996,18.0492469391,7.686626627210001,2.0,45.6070175171,4.9548227541,1.32505916551,2.0,8.717798233029999,0.36361865087127226
5,350405_C0000145_SEG_UNCOMP,0.05766001735696227,1.5096556726614816,0.0214567065208,42.3137008137,21.2584923707,2.0,75.0732955933,4.2917742172199995,1.15860466406,2.0,8.24621105194,0.33609133956880094
6,350405_C0000145_SEG_UNCOMP,0.25744116870212685,0.08759907697543945,0.054931292860500004,12.6005148904,3.72062087305,2.0,22.0907211304,5.60404480452,1.49333804164,2.0,11.4891252518,0.21037864931566846
1,350406_C0000147_SEG_UNCOMP,0.06912756109524948,1.3609591779704704,0.028442453059499998,31.026977534,14.451535290299999,2.0,58.4123268127,4.13173391426,1.1939572927200002,2.0,8.0,0.2691286085728996
2,350406_C0000147_SEG_UNCOMP,0.1567000389902776,0.9035094271174412,0.045124057730800006,17.212541165999998,5.57416819316,2.0,31.2409992218,4.9485864074,1.3647458400499999,2.0,9.16515159607,0.25332934800958257
3,350406_C0000147_SEG_UNCOMP,0.20204038638107336,0.5139133579670041,0.052003669298300005,13.9458657746,5.05835586248,2.0,34.0587730408,5.28354656292,2.32339418435,2.0,18.0,0.2262883937512147
4,350406_C0000147_SEG_UNCOMP,0.0378708792936471,1.5724257192120832,0.0156677819189,59.7104301233,28.8788077412,2.0,96.93296813959999,4.1148136272,1.04850449524,2.0,7.2111024856600014,0.5376101109038137
5,350406_C0000147_SEG_UNCOMP,0.15783673135698745,0.9454890358397858,0.040441930397,19.3195990921,8.372103349489999,2.0,42.5205841064,5.407212664509999,1.50804791196,2.0,10.1980390549,0.3644251139026547
6,350406_C0000147_SEG_UNCOMP,0.08981599104481366,1.1992887861729944,0.019564762421299998,46.1755014987,34.002884084,2.0,102.0,4.936798178919999,1.45959048479,2.0,8.4852809906,0.6594569242976653
1,350407_C0000158_SEG_UNCOMP,0.15582590212182576,0.6063689741453545,0.0403516781577,19.9179479671,7.59993417542,2.0,39.2937660217,4.86416880368,1.34836163135,2.0,10.770329475399999,0.20931939214714299
2,350407_C0000158_SEG_UNCOMP,0.16119178185568567,0.7174703423429436,0.0350030182628,22.6399032431,7.64051595278,2.0,37.629776000999996,5.929061652760001,1.8672715965400002,2.0,11.4891252518,0.3160605431200077
3,350407_C0000158_SEG_UNCOMP,0.16659853849346598,0.5970272002932454,0.036173642971900004,21.7595064112,6.36783477716,2.0,32.8633537292,5.88493074922,1.8118938429599998,2.0,10.770329475399999,0.22826029075790433
4,350407_C0000158_SEG_UNCOMP,0.1780755153634271,0.5060137125820064,0.042479887172400005,18.4479966215,6.13765491628,2.0,37.682888031,5.09255554482,1.29296625875,2.0,10.0,0.23277558270810084
5,350407_C0000158_SEG_UNCOMP,0.11643157206283725,0.9667313565619572,0.035011565398199995,23.9656933512,10.450282832100001,2.0,46.8614997864,4.59629719751,1.1579062137,2.0,8.4852809906,0.22777355561961832
6,350407_C0000158_SEG_UNCOMP,0.1604088319267486,0.4873299758300035,0.0328598381948,24.583186063600003,11.5056991946,2.0,57.2013969421,5.84910012335,1.89063491551,2.0,11.4891252518,0.25823093509516193
1,350606_C0000070_SEG_UNCOMP,0.1972546442451608,0.3240708556741442,0.0447588649075,17.2616913019,9.46229769643,2.0,48.3321838379,5.080251508,1.24723081118,2.0,10.0,0.17514917771665062
2,350606_C0000070_SEG_UNCOMP,0.23619303960657556,0.0280287059516135,0.049630119586899994,14.7167872558,6.2051816013600005,2.0,32.7414093018,5.4322675585399995,1.66094783921,2.0,13.4164075851,0.2553717076388169
3,350606_C0000070_SEG_UNCOMP,0.04299778635843385,0.9133453940717862,0.00780968130779,122.98973270799999,53.6115516849,2.0,159.022018433,5.05646541335,1.2165609881100001,2.0,7.483314991,1.3092203637297803
4,350606_C0000070_SEG_UNCOMP,0.2312092017055102,0.03513895695700225,0.044784928119400005,16.437654893,7.49800555357,2.0,36.5513343811,5.89128571247,1.8009402585099998,2.0,11.661903381300002,0.2341651672257002
5,350606_C0000070_SEG_UNCOMP,0.19544662734098886,0.18132307647655205,0.0320769315776,25.220951434299998,18.7865103381,2.0,67.2309417725,5.95410025607,2.2890762885900005,2.0,14.966629982,0.6218803387067251
6,350606_C0000070_SEG_UNCOMP,0.12196724816682808,0.7158759655091385,0.023967808626000002,36.9114515253,28.4096044723,2.0,85.8603515625,4.81117800695,1.2734403799,2.0,10.0,0.5455708846606281
1,350608_C0000085_SEG_UNCOMP,0.2403121737708629,0.31264115791144104,0.045507649157499996,16.0125736518,5.630970210499999,2.0,28.6356430054,5.96175414827,1.59911407639,2.0,12.165525436400001,0.15777911205867112
2,350608_C0000085_SEG_UNCOMP,0.2851698592576754,0.15180966527238826,0.0510110361522,13.2288675854,3.6357081294099998,2.0,23.6643199921,6.37473342782,1.50446887461,2.0,10.954451560999999,0.09362807298351601
3,350608_C0000085_SEG_UNCOMP,0.14398732187103022,1.0523956893265909,0.0368479147017,21.6619303378,7.455235470660001,2.0,40.0499687195,5.47664746488,1.41714434655,2.0,10.0,0.3149835480566929
4,350608_C0000085_SEG_UNCOMP,0.09442407586753368,1.2871341576306021,0.0287221390086,29.9001975261,15.5222421944,2.0,62.6099052429,4.91615092552,1.21371850142,2.0,8.4852809906,0.4709784650983967
5,350608_C0000085_SEG_UNCOMP,0.22050416944419987,0.32924511141101426,0.045182933414,16.4764562112,5.3297601196399995,2.0,28.4253406525,5.65579427456,1.54277033829,2.0,10.770329475399999,0.12978253747712615
6,350608_C0000085_SEG_UNCOMP,0.16683279459670214,0.9663888630263264,0.0450182489138,16.8929252531,4.24314898309,2.0,27.8567771912,5.32028881293,1.4255718471099998,2.0,14.1421356201,0.1834500014261601
1,350701_C0000082_SEG_UNCOMP,0.17823902297910876,0.7452277631331072,0.045998207492500005,16.7425602979,6.216850261549999,2.0,35.8329467773,4.99741729066,1.21913705759,2.0,12.0,0.2640889596362295
2,350701_C0000082_SEG_UNCOMP,0.1972530720565485,0.486712401912313,0.0453731939829,16.8666141257,5.16024926789,2.0,29.120439529400002,5.1728305820300005,1.13170292611,2.0,10.0,0.07152553812283513
3,350701_C0000082_SEG_UNCOMP,0.13027469279434514,1.1486689258082472,0.0366597036034,22.126627653000003,7.89047623016,2.0,43.3128166199,5.15127974142,1.23754322511,2.0,10.770329475399999,0.2565933493263334
4,350701_C0000082_SEG_UNCOMP,0.05798388821110091,1.7902811374252157,0.0254661499976,35.0143758296,18.3353220928,2.0,70.4840393066,4.2534365446499995,0.9497443440539999,2.0,6.63324975967,0.6038584041352747
5,350701_C0000082_SEG_UNCOMP,0.10083703321720099,1.2547865544138703,0.0368606599036,22.8117218971,7.16538353721,2.0,39.6988677979,4.3174722795,0.882784921427,2.0,7.2111024856600014,0.16607685160069308
6,350701_C0000082_SEG_UNCOMP,0.14808130101752048,1.0880511412209155,0.044503675846,17.5965861953,5.1733043833800005,2.0,38.2099456787,4.87346781684,1.03377664181,2.0,8.4852809906,0.1910132721698428
1,350701_C0000083_SEG_UNCOMP,0.08719043606223352,1.2595988534569127,0.024738995888900002,35.2233139393,18.5849338688,2.0,70.3704452515,5.1986985179300005,1.5177686109,2.0,9.16515159607,0.5732815380186733
2,350701_C0000083_SEG_UNCOMP,0.2302674607267285,0.5059825228349069,0.0397037112119,18.31891256,9.07856797322,2.0,44.181442260699995,6.86764984125,2.58027626581,2.0,14.696938514700001,0.32377440737970353
3,350701_C0000083_SEG_UNCOMP,0.07429062849811968,1.365882284275031,0.0215339757765,41.3794772883,23.6951952604,2.0,78.5875320435,5.05876571784,1.54738953053,2.0,9.7979593277,0.617152966817017
4,350701_C0000083_SEG_UNCOMP,0.09004395839360056,1.290332992833481,0.0260869608579,33.1794078194,17.7230517561,2.0,64.1248779297,5.1539191421399995,1.50295244107,2.0,8.94427204132,0.6114903346425689
5,350701_C0000083_SEG_UNCOMP,0.2717512294514948,0.15724413175474022,0.041161432475900005,16.7084648383,7.95799111105,2.0,49.030601501499994,7.58612210511,2.9802656216400005,2.0,16.1245155334,0.26553506286925616
6,350701_C0000083_SEG_UNCOMP,0.08870445369590099,1.3517727270225937,0.018373274910400004,48.0090668015,27.521631889899997,2.0,94.6784057617,6.4178116332599995,2.40879273434,2.0,12.328827858,0.7558322946395398
1,350702_C0000096_SEG_UNCOMP,0.035179292389349366,1.7895068085455716,0.011944554558500001,78.32985468470001,40.6086048167,2.0,130.62924194299998,5.390303744110001,1.4644052489300001,2.0,11.4891252518,0.9061441208178355
2,350702_C0000096_SEG_UNCOMP,0.03050832002213642,1.6476490103017611,0.0084059011249,113.516270471,44.8604381429,2.0,145.739486694,5.4477745657200005,1.33425731313,2.0,8.717798233029999,1.3599793424697253
3,350702_C0000096_SEG_UNCOMP,0.03293577923956381,1.771536123167239,0.013158063925100001,70.7987729061,27.3755941814,2.0,103.49879455600001,5.20024987512,1.18224737901,2.0,8.0,1.0869096607232638
4,350702_C0000096_SEG_UNCOMP,0.055219980630636295,1.5824138574784787,0.0206095925149,43.062273239700005,11.3796462525,2.0,56.8506813049,5.4588219385,1.48239838181,2.0,10.0,0.3354227804222256
5,350702_C0000096_SEG_UNCOMP,0.06396606588099163,1.6009991360666769,0.019245209927,46.5181931091,21.4752753887,2.0,89.3308486938,5.442788547819999,1.31111447637,2.0,8.717798233029999,0.5083593021261764
6,350702_C0000096_SEG_UNCOMP,0.0899794986604953,1.8222759017030183,0.0186907944783,44.8241451878,18.3561061376,2.0,73.4846954346,8.67812841329,4.73981086853,2.0,18.439088821400002,0.7311119956723576
1,350703_C0000118_SEG_UNCOMP,0.16966587847610906,0.923108572776637,0.0394927333588,19.5236291666,8.3968859215,2.0,48.3321838379,5.79748474354,1.62430364162,2.0,12.6491107941,0.30695046536977005
2,350703_C0000118_SEG_UNCOMP,0.0802350736413146,1.1789124083139428,0.025454481216099997,34.3361251487,13.047799378399999,2.0,62.5459823608,4.949688280869999,1.12244546502,2.0,8.24621105194,0.45371620600322765
3,350703_C0000118_SEG_UNCOMP,0.013901291710163886,1.939706058394211,0.006881699019300001,140.48251063,50.7292832181,4.0,174.848510742,4.83044147586,0.9557122346349999,2.0,6.324555397030001,1.2584668241480277
4,350703_C0000118_SEG_UNCOMP,0.039817248795703516,1.3565348570041238,0.012903369944,72.56373020310001,25.257447219,2.0,102.019607544,4.935404080480001,1.33959522295,2.0,9.38083171844,0.5998658908299063
5,350703_C0000118_SEG_UNCOMP,0.26573446363213304,0.0559599783838486,0.0458724523679,15.1285985249,4.82465977899,2.0,25.768198013299997,6.670977220069999,1.85136158068,2.0,14.282856941199999,0.15687942999038584
6,350703_C0000118_SEG_UNCOMP,0.1503373916762046,0.9492965297357384,0.0323970284219,25.148219505100002,15.625820474000001,2.0,70.31358337399999,5.718809006819999,1.32090943803,2.0,10.0,0.3188420046244202
1,350704_C0000129_SEG_UNCOMP,0.1011923478435861,1.259983787070419,0.020703810887400004,42.1480080523,24.595291468499997,2.0,83.8570175171,6.152278568200001,1.9939641860900004,2.0,11.661903381300002,0.534355701362449
2,350704_C0000129_SEG_UNCOMP,0.16133799539663174,0.7546378921196794,0.0334705013754,23.4911544237,6.536953475390001,2.0,37.2021522522,6.385900263480001,1.8206810200799999,2.0,12.328827858,0.22827029292058937
3,350704_C0000129_SEG_UNCOMP,0.2161570679311256,0.2698389392028783,0.04571715958869999,16.1289607542,5.41399875233,2.0,36.878177642800004,5.74466413845,1.66112517567,2.0,11.3137083054,0.22203280099248765
4,350704_C0000129_SEG_UNCOMP,0.11378400643968455,0.9437030431468332,0.0380165934659,21.937231489000002,8.3375367418,2.0,44.226688385,4.3670716805000005,1.13657551481,2.0,10.0,0.43759484245808994
5,350704_C0000129_SEG_UNCOMP,0.20671607531412328,0.1347851237609002,0.031925769490099995,24.4144979049,9.51303158518,2.0,50.5173225403,6.90816137542,1.76253772693,2.0,10.770329475399999,0.23061832429914458
6,350704_C0000129_SEG_UNCOMP,0.06084212710830492,1.4391432206613364,0.0171547972004,52.084072095799996,18.2396797343,2.0,78.4601821899,6.20866015386,2.0566652189099996,2.0,11.661903381300002,0.4789708451769394
1,350705_C0000245_SEG_UNCOMP,0.19841649162966785,0.6573084795177817,0.0514339852818,14.550688611300002,5.1397461986,2.0,31.048349380500003,4.89170914427,1.23900327902,2.0,10.770329475399999,0.2208440110558199
2,350705_C0000245_SEG_UNCOMP,0.09487843837649516,1.5674196476665236,0.0278472177692,30.981455226599998,22.5875914435,2.0,86.8331756592,4.92877495465,1.20633280541,2.0,8.4852809906,0.5139365900227171
3,350705_C0000245_SEG_UNCOMP,0.18145414869131016,0.9013765581425226,0.0493954278356,15.160249234,4.30291840109,2.0,27.1293201447,5.08453948065,1.2622125135200002,2.0,10.1980390549,0.15836755125199908
4,350705_C0000245_SEG_UNCOMP,0.035449708830668995,1.9003470178763675,0.012636054003,75.041968169,47.954054068000005,2.0,130.766967773,4.09666164083,0.739575248109,2.0,6.0,0.7514794600889433
5,350705_C0000245_SEG_UNCOMP,0.15348648546668847,1.1405703768320292,0.0507553832691,15.1665603002,4.37529748868,2.0,31.811946868899998,4.53578328569,1.0488650000700002,2.0,8.4852809906,0.2163569169318832
6,350705_C0000245_SEG_UNCOMP,0.16000006288754448,1.0129041516357409,0.048649781030699994,15.885453076800001,4.5344074718,2.0,28.9827537537,4.66962402356,1.05192188556,2.0,8.94427204132,0.20953296135550287
1,350901_C0000049_SEG_UNCOMP,0.14381909768951162,1.4286183363587293,0.0366422251928,21.279400423,7.04481480113,2.0,37.629776000999996,6.01151858475,1.8249403439400003,2.0,10.954451560999999,0.4399365821323927
2,350901_C0000049_SEG_UNCOMP,0.07997566252028124,1.6663975719677435,0.024932765180099997,34.536735178,13.0818285346,2.0,67.3201293945,5.57113062731,1.5708674665,2.0,10.770329475399999,0.3603120698231426
3,350901_C0000049_SEG_UNCOMP,0.14666633126642936,1.4683420905916982,0.0367460941681,20.8231905724,5.387238641740001,2.0,31.6859588623,6.39058609258,1.98803418699,2.0,12.165525436400001,0.19973228973648366
4,350901_C0000049_SEG_UNCOMP,0.09475895204195857,1.5496166422892397,0.0262180084558,32.7364415167,19.662341023499998,2.0,78.4601821899,5.405280868019999,1.5518069365600002,2.0,10.1980390549,0.558070180067403
5,350901_C0000049_SEG_UNCOMP,0.19216704189568212,1.1401911098558333,0.0360463694081,20.0052260234,5.53368993781,2.0,33.5857124329,7.73681891538,2.66584385618,2.0,15.231546402000001,0.3677643501834394
6,350901_C0000049_SEG_UNCOMP,0.14605317770762322,1.4156272416895714,0.0375975175475,20.5525190253,6.496242681059999,2.0,38.0525970459,6.0449816936300005,1.9333875662400002,2.0,12.0,0.4045941747111981
1,350902_C0000057_SEG_UNCOMP,0.1905822757744601,0.4872984145836493,0.047741566917500006,16.1582901818,6.35159284769,2.0,35.156791686999995,4.78781746746,1.16532246823,2.0,10.770329475399999,0.2489242601421816
2,350902_C0000057_SEG_UNCOMP,0.2407099374897808,0.022623942042895542,0.0556112248579,13.0494595094,4.033015628949999,2.0,25.768198013299997,4.9325216923,1.17052774306,2.0,8.4852809906,0.15384164781026127
3,350902_C0000057_SEG_UNCOMP,0.1323248267448149,0.8996214914528777,0.0404398101104,20.2007083328,8.124601333089998,2.0,42.2374229431,4.527399867290001,1.05889632137,2.0,8.24621105194,0.26966487637839043
4,350902_C0000057_SEG_UNCOMP,0.19927019004615945,0.31093025384847994,0.047073608131,16.368968715999998,6.66534770854,2.0,35.099857330300004,4.87435720918,1.20855930197,2.0,9.16515159607,0.30321728133482845
5,350902_C0000057_SEG_UNCOMP,0.05194668393977889,1.539074647324799,0.0167863636691,55.071568025699996,27.2644862145,2.0,91.4330368042,4.50059541083,1.0437407048899998,2.0,7.2111024856600014,0.7523689013211275
6,350902_C0000057_SEG_UNCOMP,0.20247588262668692,0.43093327724624575,0.045892888945199994,16.6056089678,6.0416817452,2.0,34.6987037659,5.18425920101,1.40749223257,2.0,11.4891252518,0.2684276789161732
1,350903_C0000061_SEG_UNCOMP,0.08208553963801929,1.6144965259267223,0.0272906203934,31.5464668238,13.4460114718,2.0,56.9209976196,5.09615930866,1.24828890467,2.0,8.4852809906,0.5536542210285648
2,350903_C0000061_SEG_UNCOMP,0.019150829486711863,1.92830769072211,0.00846978425733,113.616175465,43.2972311229,2.0,147.905380249,4.45058628673,1.00250833054,2.0,6.63324975967,1.5596211635120771
3,350903_C0000061_SEG_UNCOMP,0.08396273284113348,1.6236433991613688,0.028679921066900003,29.843429024699997,14.0127758208,2.0,62.6737594604,5.024170424709999,1.29937436737,2.0,8.717798233029999,0.14828450421547335
4,350903_C0000061_SEG_UNCOMP,0.026639163847208425,1.891569003506176,0.012027170668,79.33149876979999,41.1648441067,2.82842707634,130.153762817,3.81357562894,0.836255176727,2.0,7.2111024856600014,0.7899447834640021
5,350903_C0000061_SEG_UNCOMP,0.07206755380029431,1.092057154719621,0.0131256840554,71.035300277,43.5206987459,2.0,121.490737915,5.1512051868199995,1.1911125724200002,2.0,8.24621105194,0.7219699245736034
6,350903_C0000061_SEG_UNCOMP,0.1160133698919592,0.9106585601182078,0.0252710169522,34.2478555848,17.4682948651,2.0,63.2771682739,5.32316769036,1.23065759431,2.0,8.24621105194,0.39786476896541423
1,350908_C0000201_SEG_UNCOMP,0.23897895782761264,0.0874928296193167,0.0539516395601,13.3716027663,3.3196165159,2.0,24.331050872800002,5.1635151310300005,1.09391122084,2.0,8.94427204132,0.08245601598088878
2,350908_C0000201_SEG_UNCOMP,0.2897983825323556,-0.33627854846221084,0.05287918539269999,13.102265385299999,3.96289858339,2.0,24.494897842399997,5.8087672369800005,1.3946789471799999,2.0,10.954451560999999,0.14844211162736604
3,350908_C0000201_SEG_UNCOMP,0.25355000188662635,-0.029638177808666413,0.0542630450031,13.0983747459,3.20468454667,2.0,22.891046524,5.330373584419999,1.2384634113,2.0,10.770329475399999,0.13239195373377657
4,350908_C0000201_SEG_UNCOMP,0.2605210861936685,0.022607856477832512,0.0509666777033,13.8317350425,3.92342643104,2.0,25.059928894000002,5.78892781137,1.47394119995,2.0,11.4891252518,0.18365188736861862
5,350908_C0000201_SEG_UNCOMP,0.13831329316915492,1.0850876157105052,0.0419112127725,18.9162547244,4.59305162992,2.0,28.3548946381,4.94370860871,1.1277914863299998,2.0,8.94427204132,0.16184406288997732
6,350908_C0000201_SEG_UNCOMP,0.2454296477039757,0.18191432072703434,0.0482528017311,14.9521377426,4.291424824090001,2.0,26.1533927917,5.77204746788,1.3703715500100002,2.0,10.0,0.20580599376620534
1,350910_C0000231_SEG_UNCOMP,0.07145282805287585,1.4456350722256448,0.022814814951299996,38.956240831500004,22.4399648302,2.0,81.3387985229,4.87492773749,1.5564815008200001,2.0,10.1980390549,0.6388360696195847
2,350910_C0000231_SEG_UNCOMP,0.1440596425471971,0.9840571298920956,0.0289960953312,28.577327065100004,18.4484897869,2.0,78.8923339844,5.91007506873,1.6600305019400001,2.0,10.770329475399999,0.6128137087504791
3,350910_C0000231_SEG_UNCOMP,0.166700730753267,0.8412776687390348,0.033303357218400005,24.066689414099997,13.2297203748,2.0,60.4648666382,5.960313372590001,1.6961220660299998,2.0,11.661903381300002,0.4715410099692295
4,350910_C0000231_SEG_UNCOMP,0.1668406555397638,0.7875063657209234,0.0327318294177,24.654162539699996,13.4968936003,2.0,59.0931472778,5.89713929066,1.68143280787,2.0,11.832159996,0.45679505806141857
5,350910_C0000231_SEG_UNCOMP,0.04856333404605884,1.621456367718231,0.0140328340812,66.2579911231,34.4255158793,2.0,106.808242798,5.0034514488,1.26032301764,2.0,8.0,0.8542622921790992
6,350910_C0000231_SEG_UNCOMP,0.134429987296716,1.0639351491847016,0.028969683544799996,28.8021899563,18.3424209003,2.0,75.9736785889,5.71665449197,1.66873854157,2.0,12.328827858,0.5045910805411518
1,350912_C0000226_SEG_UNCOMP,0.14964877306400695,0.7799831040380047,0.0375160913389,21.1207609286,6.14613092901,2.0,38.4707679749,5.53446791619,2.1710622011700003,2.0,13.4164075851,0.34163783953692783
2,350912_C0000226_SEG_UNCOMP,0.09035053517300363,0.8795909112674264,0.025499263442099997,34.5529207372,13.400196194000001,2.0,66.8730163574,4.6638983004300005,1.1852136215,2.0,9.16515159607,0.35215546007146126
3,350912_C0000226_SEG_UNCOMP,0.07719446086508107,1.3799739881554456,0.0293152197933,29.707095137800003,11.084242444300001,2.0,57.7581176758,4.40487833713,1.16247336324,2.0,8.24621105194,0.367855828394098
4,350912_C0000226_SEG_UNCOMP,0.0803356937125033,0.957925341658615,0.0170465643905,53.669073241499994,30.882653895700003,2.0,97.3447494507,4.993773833730001,1.29917068215,2.0,10.770329475399999,0.53721968551735
5,350912_C0000226_SEG_UNCOMP,0.04506207000641453,1.7839446522947282,0.0198049974028,45.0739643019,14.660926191400002,2.0,65.6048812866,5.41834224385,2.28635745972,2.0,10.954451560999999,0.6251525051388722
6,350912_C0000226_SEG_UNCOMP,0.0509483441709535,1.640588259341959,0.016377943303600002,55.2501875595,27.070277650300003,2.0,102.664505005,5.80753998671,2.21203646279,2.0,10.770329475399999,0.7626185345944693
1,350913_C0000239_SEG_UNCOMP,0.038084696944923085,1.983097498437028,0.018182927119599998,50.516335723400005,29.016415509699996,2.0,96.6850585938,4.48030994453,1.6064619295200002,2.0,10.1980390549,0.7604693816150039
2,350913_C0000239_SEG_UNCOMP,0.028848088847522862,1.8629026008991525,0.014052822268299998,67.412462278,35.7261491704,2.0,111.642288208,3.74762079331,1.02798871315,2.0,7.483314991,0.756646403272806
3,350913_C0000239_SEG_UNCOMP,0.07104248682505943,1.1888314571037637,0.018476780796700003,49.7292474429,31.734895064299998,2.0,101.46920776399999,4.3927346818599995,1.13210376914,2.0,8.0,0.8593327482073104
4,350913_C0000239_SEG_UNCOMP,0.08898901983473154,1.1095759681903752,0.021663775540700002,41.479846663400004,23.9505930729,2.0,77.8460006714,4.68015892387,1.23543895398,2.0,8.24621105194,0.5969545348996859
5,350913_C0000239_SEG_UNCOMP,0.11975046222345202,1.2217504814682592,0.0420366216174,19.494063962000002,9.05774629294,2.0,46.0434570312,4.294717379690001,1.0416688705600001,2.0,9.16515159607,0.3009967212740969
6,350913_C0000239_SEG_UNCOMP,0.009810456940898285,2.0716528814725717,0.0068237246897200005,142.387082211,48.1740426709,2.82842707634,169.67027282700002,4.16044798253,1.11241520905,2.0,6.63324975967,1.6643092470019192
1,350914_C0000261_SEG_UNCOMP,0.11953035581772675,0.8589312889504198,0.025616346615299997,33.4465885352,15.6053310381,2.0,63.435005188000005,5.5909844262,1.3121919528200001,2.0,10.1980390549,0.5165699675068413
2,350914_C0000261_SEG_UNCOMP,0.1070063013319582,1.206522469926586,0.0348131604023,23.941858513499998,8.08947033212,2.0,50.039985656700004,4.7829107531599995,1.17758295127,2.0,9.16515159607,0.3021165789035834
3,350914_C0000261_SEG_UNCOMP,0.08670148540380092,1.4266453885847017,0.0254743069718,33.8740848542,11.9190573298,2.0,50.0,5.38115381071,1.4114955580200002,2.0,10.770329475399999,0.5111869921835054
4,350914_C0000261_SEG_UNCOMP,0.11279195542530847,0.967781372161952,0.0325537180676,25.5355585761,6.95967606735,2.0,40.2492218018,5.18289877256,1.3523369246999999,2.0,8.4852809906,0.27518999628068225
5,350914_C0000261_SEG_UNCOMP,0.1927141635327707,0.35729460351713377,0.0390254289795,19.865202078699998,6.83473897296,2.0,37.5233268738,5.75911586341,1.4804879454799997,2.0,11.4891252518,0.3189008724261395
6,350914_C0000261_SEG_UNCOMP,0.13308419384456716,0.90052414700112,0.0258121123435,32.6538625976,17.027498799900002,2.0,69.8856201172,6.0876393257300006,1.41932025687,2.0,10.1980390549,0.2962398479073692
1,350915_C0000250_SEG_UNCOMP,0.16645704151835689,0.4623371457115652,0.0360882401381,22.3625226112,9.36213764696,2.0,44.2718887329,5.3473351201,1.43422285973,2.0,10.1980390549,0.4068870133325152
2,350915_C0000250_SEG_UNCOMP,0.096651867131196,1.1458874780041148,0.0341487595972,24.9230924474,8.5269657422,2.0,41.6173057556,4.360548065340001,1.12261499107,2.0,8.4852809906,0.32661778347704556
3,350915_C0000250_SEG_UNCOMP,0.096331140654282,1.2605264391632574,0.032602003085799997,25.9495481391,9.74574633628,2.0,52.6497879028,4.72341380648,1.4016397182,2.0,10.0,0.29190573510834716
4,350915_C0000250_SEG_UNCOMP,0.11455280667111073,1.0014662909725902,0.038060602212099996,21.849776554899996,7.467074617410001,2.0,43.3128166199,4.42411145214,1.02745262545,2.0,8.4852809906,0.21893041518225112
5,350915_C0000250_SEG_UNCOMP,0.0832662532858742,1.260446156998232,0.0278963219665,31.213516516,13.0414549004,2.0,62.7694206238,4.63350307327,1.15509499792,2.0,8.94427204132,0.5484691737589883
6,350915_C0000250_SEG_UNCOMP,0.11162853585218913,1.0144541096969275,0.0350213118775,23.8418413348,6.40484636635,2.0,35.8887176514,4.71220037266,1.18650682802,2.0,9.16515159607,0.3600200960426782
1,351001_C0000037_SEG_UNCOMP,0.13000742073025018,1.0819611392692303,0.0377131887284,21.567258208400002,6.6002811149800005,2.0,38.2099456787,4.94866456868,1.14092182651,2.0,9.16515159607,0.2169415335956214
2,351001_C0000037_SEG_UNCOMP,0.15783044260253815,0.9694388099962018,0.0379507111574,20.594894926400002,7.300874155469999,2.0,38.4187469482,5.75507242604,1.96665600132,2.0,13.4164075851,0.13410051569515458
3,351001_C0000037_SEG_UNCOMP,0.1437845095400405,1.0320462752083983,0.043160469946,18.3427598522,7.3837973128100005,2.0,43.6806602478,4.82658935204,1.17599762537,2.0,10.0,0.17913540223982838
4,351001_C0000037_SEG_UNCOMP,0.14015432603418568,0.8840691805145625,0.0360748892119,22.4809647955,6.998884985389999,2.0,45.254833221400006,5.23914805438,1.24403621915,2.0,8.94427204132,0.20362299542682158
5,351001_C0000037_SEG_UNCOMP,0.18474316726829085,0.7655552204940761,0.0418737744781,17.8434876233,4.72110761182,2.0,27.5680980682,6.0378083063100005,1.96970240685,2.0,12.328827858,0.1720363843336936
6,351001_C0000037_SEG_UNCOMP,0.1464477970493164,0.8732065744131687,0.037849576312800004,21.1143093299,5.947939110619999,2.0,36.986484527600005,5.30606567599,1.2541787672600002,2.0,8.94427204132,0.22148946802124855
1,351002_C0000151_SEG_UNCOMP,0.029384205164325158,1.7784847867966105,0.013727049508799999,69.2124900722,33.6835345691,2.0,104.096107483,3.63637663841,0.919956968162,2.0,6.0,0.7163915302220991
2,351002_C0000151_SEG_UNCOMP,0.08594526268127335,1.355597073773916,0.0329518618677,26.1191289178,13.174803831199998,2.0,56.7097892761,4.22816993932,1.35457309928,2.0,10.1980390549,0.4540869187600297
3,351002_C0000151_SEG_UNCOMP,0.12825600261612186,0.8867036646370273,0.0375778073396,22.1402986446,10.685285585199999,2.0,55.5337753296,4.47115292206,1.13749420165,2.0,8.24621105194,0.3813625499925015
4,351002_C0000151_SEG_UNCOMP,0.010352862012149874,2.554818477850626,0.009080011707049999,104.587721927,24.280358870500002,4.47213602066,129.166564941,5.54429466781,1.76037320648,2.0,8.24621105194,1.281990033549626
5,351002_C0000151_SEG_UNCOMP,0.034974907869747315,1.3144813651751217,0.0116206145434,81.9395213435,42.6788246864,2.0,124.86792755100001,4.11444734014,1.3319875741399998,2.0,8.4852809906,1.0441338847391164
6,351002_C0000151_SEG_UNCOMP,0.06723307381739972,1.3668545315246472,0.025843028598,34.5935048205,17.3136101096,2.0,76.4722137451,4.10165028518,1.01086544997,2.0,7.2111024856600014,0.3712238798979693
1,351102_C0000226_SEG_UNCOMP,0.1053570754776309,0.9450189525659431,0.0322852139395,26.3257611349,9.14807015892,2.0,47.497367858900006,4.64817020941,1.1375722648200002,2.0,8.94427204132,0.48344489917075656
2,351102_C0000226_SEG_UNCOMP,0.08919025997710893,0.9273295482026778,0.0244521513416,36.1776413309,16.348050370899998,2.0,66.3927688599,4.71855573704,1.17812265933,2.0,9.16515159607,0.506364605792577
3,351102_C0000226_SEG_UNCOMP,0.04894223150162879,1.4709318527181818,0.0186095891842,49.1620820403,18.8901441714,2.0,77.58866119380001,4.57365549268,1.06131586013,2.0,7.483314991,0.4181531163502108
4,351102_C0000226_SEG_UNCOMP,0.02887638824254468,2.0369030004622672,0.0174431452489,52.9652112624,16.4508866747,2.82842707634,75.0732955933,4.36389915489,1.03159409617,2.0,7.483314991,0.47610606778731185
5,351102_C0000226_SEG_UNCOMP,0.13163620813261726,0.5552151099747831,0.025972294608299997,33.2490381023,18.955093581099998,2.0,72.3049087524,5.25352838559,1.4643349991499999,2.0,10.0,0.49043379302290524
6,351102_C0000226_SEG_UNCOMP,0.07669607707497453,1.482929130518975,0.0300285263093,28.697699968400002,8.590485708220001,2.0,49.1934967041,4.6039675760000005,1.09599420485,2.0,8.0,0.29876956425859974
1,351301_C0000034_SEG_UNCOMP,0.08790420969222837,1.4826201724678132,0.0297405119208,28.9516342428,15.5537238046,2.0,62.8967399597,4.67253479178,1.12688307286,2.0,7.483314991,0.36291994185280935
2,351301_C0000034_SEG_UNCOMP,0.08530852629328235,1.3398255247128612,0.021986273799099995,40.721969374299995,28.0361785817,2.0,88.4081420898,4.7609537047099995,1.22723853644,2.0,8.94427204132,0.5351969911975716
3,351301_C0000034_SEG_UNCOMP,0.06638566415535739,1.6393115596667598,0.025320543134400002,34.285684110300004,12.8961842301,2.0,68.4105224609,5.20793949375,1.8151052829599998,2.0,10.0,0.4427668859866822
4,351301_C0000034_SEG_UNCOMP,0.1247578829537022,0.7769367110921241,0.030102475288999998,27.7718701935,14.600595827000001,2.0,66.5131530762,5.44798931635,1.9397511992900003,2.0,10.1980390549,0.3153860947442908
5,351301_C0000034_SEG_UNCOMP,0.04427125913441584,1.6223307392119497,0.0166381205702,55.8907430273,28.3178004529,2.0,94.7206420898,4.2121992361,0.979883953784,2.0,7.483314991,0.7021679404358865
6,351301_C0000034_SEG_UNCOMP,0.051725005345441284,1.5803887684086946,0.0209687793571,43.4665850354,19.9780449568,2.0,75.8155670166,4.22336309987,1.03825636891,2.0,7.483314991,0.6466287702636009
1,351302_C0000051_SEG_UNCOMP,0.2914633302728062,-0.4804352450260291,0.0660758991677,10.359365265700001,3.3378469161,2.0,21.2602920532,4.77474584884,1.17506561641,2.0,9.7979593277,0.21953288624952627
2,351302_C0000051_SEG_UNCOMP,0.1458503653766335,0.7949201955761974,0.046415615553,17.1534086357,4.56196284671,2.0,32.1869544983,4.39106488007,1.06584071871,2.0,8.24621105194,0.2265029074200162
3,351302_C0000051_SEG_UNCOMP,0.21836127636560304,0.06420540017767258,0.0599209361515,12.3462629953,4.3224631342699995,2.0,26.6833286285,4.34239482989,1.0107052342,2.0,8.24621105194,0.27759844885725243
4,351302_C0000051_SEG_UNCOMP,0.19153659426214045,0.4326270697378436,0.0505601793236,15.2213251469,5.12358414589,2.0,33.0454216003,4.5570857167400005,1.05522036365,2.0,8.24621105194,0.26688376351711746
5,351302_C0000051_SEG_UNCOMP,0.2806702554492057,-0.6156248300999908,0.0650452070931,10.7493473465,3.51807024926,2.0,23.6643199921,4.62457557095,1.11987425435,2.0,8.94427204132,0.1697463626807684
6,351302_C0000051_SEG_UNCOMP,0.22199145987145785,0.3223992506429993,0.053637885674800004,13.6864666228,4.50653109982,2.0,28.844409942600002,4.95707212633,1.20394770957,2.0,10.1980390549,0.13083788314893163
1,351303_C0000072_SEG_UNCOMP,0.057372306840907085,1.2128754249323963,0.0207873215047,43.7672457495,20.9016490901,2.0,79.3473358154,4.33900015502,1.31975387817,2.0,8.24621105194,0.44407281035872836
2,351303_C0000072_SEG_UNCOMP,0.10163884940948596,0.7941682553193823,0.0288980087265,29.9751866583,12.6031666546,2.0,61.74139785770001,4.6292737896,1.2443536761799998,2.0,10.0,0.42482690187868766
3,351303_C0000072_SEG_UNCOMP,0.09697888236255928,0.544961502293309,0.0206719617274,43.8820334987,29.1644683867,2.0,86.92525482180001,4.4926690663499995,1.16315081903,2.0,8.24621105194,0.5426076122333128
4,351303_C0000072_SEG_UNCOMP,0.06860716666457041,1.0028360852993448,0.024853164450500002,35.865856209200004,13.8690816,2.0,66.6933288574,4.37046870596,1.2970925140799998,2.0,8.0,0.45418289051407296
5,351303_C0000072_SEG_UNCOMP,0.07819122844529412,0.9493914652300384,0.026449849014900002,33.4614315695,13.6446071774,2.0,67.0820388794,4.34596761209,1.33339620084,2.0,8.4852809906,0.34305172754437424
6,351303_C0000072_SEG_UNCOMP,0.08937420604475077,0.7989292298652023,0.0221798070122,40.5836774569,27.470688918,2.0,91.3016967773,4.5023775954000005,1.39863842425,2.0,11.4891252518,0.6060939155800182
1,351304_C0000089_SEG_UNCOMP,0.16658753317317973,0.8129423525272438,0.0482237446625,16.0296276452,5.063098306280001,2.0,30.3315010071,4.70704485916,1.16615568067,2.0,10.1980390549,0.20546097359247956
2,351304_C0000089_SEG_UNCOMP,0.1982294011848013,0.4407235718719316,0.0503206789499,14.9774012309,5.11320402645,2.0,27.9284801483,4.89514462639,1.38834095632,2.0,10.0,0.11257574608478246
3,351304_C0000089_SEG_UNCOMP,0.17791515212497014,0.6419697931785521,0.049737123658300006,15.4423886104,5.044424745340001,2.0,28.9136638641,4.66331767992,1.2764867034799998,2.0,9.7979593277,0.15389853649014745
4,351304_C0000089_SEG_UNCOMP,0.16699315783515914,0.7827798263746941,0.05618883830969999,13.5039729979,3.3159465569099997,2.0,23.579652786300002,4.29315593523,1.08017004099,2.0,8.94427204132,0.21162755477203407
5,351304_C0000089_SEG_UNCOMP,0.08016904171959703,1.2033733762577317,0.0315792066507,27.6588976092,12.921011118800001,2.0,62.0,4.00750905706,1.16026266226,2.0,8.24621105194,0.19739036438743873
6,351304_C0000089_SEG_UNCOMP,0.12915215012514622,0.8677662942980564,0.0390108890785,20.9768076928,7.195464488560001,2.0,41.6173057556,4.657060789080001,1.18583299915,2.0,8.4852809906,0.411744266395922
1,351304_C0000091_SEG_UNCOMP,0.2607694919944156,-0.16508846420719578,0.0472895661496,14.991982758399999,4.5993691777,2.0,27.1293201447,6.15433093028,2.05723189982,2.0,12.8062486649,0.3150730835750542
2,351304_C0000091_SEG_UNCOMP,0.31057485504420995,-0.648665878846007,0.0611746882211,10.9971332748,3.12462273208,2.0,20.59126091,5.34949682793,1.3357637869499999,2.0,9.7979593277,0.1449031949280603
3,351304_C0000091_SEG_UNCOMP,0.16827134717697811,0.7699618089190954,0.044140863864400005,17.471810470599998,5.18037656745,2.0,29.1890392303,5.18293419115,1.39800650818,2.0,11.3137083054,0.19135296729752335
4,351304_C0000091_SEG_UNCOMP,0.30382230495428075,-0.6752289742400263,0.0517059026038,13.2942740182,4.470238568819999,2.0,24.413110733000003,6.045877679019999,1.7105560879799997,2.0,14.1421356201,0.2672972728185851
5,351304_C0000091_SEG_UNCOMP,0.2548973675273875,-0.06461268801971701,0.0566586450435,12.5156140296,3.89304993999,2.0,26.0,5.133943230969999,1.22118419676,2.0,10.0,0.1770831669727322
6,351304_C0000091_SEG_UNCOMP,0.14442439030525614,0.9346298614699698,0.045896599072099996,17.1941786209,6.03906760204,2.0,36.7695541382,4.59392812813,1.11127941043,2.0,8.717798233029999,0.2595111479471076
1,351305_C0000122_SEG_UNCOMP,0.10469832844906736,1.3927240885340826,0.030249959231500003,27.450787469699996,10.4684575515,2.0,47.5394554138,5.60710832269,2.2007919670700002,2.0,12.165525436400001,0.3885112635709706
2,351305_C0000122_SEG_UNCOMP,0.1354015998591319,0.8191640365123751,0.0374886874238,21.832014592100002,8.98867506641,2.0,46.1735839844,4.84269900071,1.4818916617,2.0,8.94427204132,0.282467967923213
3,351305_C0000122_SEG_UNCOMP,0.09455142314513187,1.025734493694744,0.0322814919226,26.673346160999998,12.3515832796,2.0,58.4465560913,4.30415644015,1.145839043,2.0,8.24621105194,0.3801074234554308
4,351305_C0000122_SEG_UNCOMP,0.11057988604776936,0.9068450051730816,0.031094358171799997,27.4105666418,11.790782439400001,2.0,51.1077308655,4.749608347940001,1.36449123498,2.0,8.24621105194,0.43256766925701085
5,351305_C0000122_SEG_UNCOMP,0.06107323883431647,1.2705335163974885,0.019417478065,47.282653360699996,29.311460011599998,2.0,95.3310012817,4.217340441459999,1.165439893,2.0,8.24621105194,0.6234916921618258
6,351305_C0000122_SEG_UNCOMP,0.010983309645691577,2.098405983192774,0.00874003643427,110.72661650799999,39.8210089161,2.82842707634,139.082702637,3.6893825004100003,0.913505152733,2.0,6.0,1.540539183800017
1,351308_C0000194_SEG_UNCOMP,0.1329930069050524,0.7422232331320995,0.0339539289573,24.6674298382,13.9574856148,2.0,55.5337753296,4.78424278728,1.20275199752,2.0,8.717798233029999,0.5329240067508171
2,351308_C0000194_SEG_UNCOMP,0.22121322650835776,0.1783546764050377,0.0520546636694,14.2538311033,4.36602167383,2.0,25.6904659271,4.95674350251,1.12839957766,2.0,8.4852809906,0.14565036750154337
3,351308_C0000194_SEG_UNCOMP,0.2946517287785981,-0.7656697498811906,0.0502023754874,14.129851224500001,6.909212254089999,2.0,30.528675079299997,5.7895249064400005,1.62121155365,2.0,13.4164075851,0.37943685503171126
4,351308_C0000194_SEG_UNCOMP,0.1982482674481492,0.4830631362878975,0.050396712216499995,14.977031656,5.38716149584,2.0,33.1058921814,4.86553259116,1.13115427497,2.0,9.38083171844,0.17271899949214398
5,351308_C0000194_SEG_UNCOMP,0.20844548278767908,0.28484301457267003,0.04860236731840001,15.5446542198,6.03353788859,2.0,38.2622528076,5.03047524761,1.1321794019700002,2.0,8.4852809906,0.22438992917561798
6,351308_C0000194_SEG_UNCOMP,0.2975272617505377,-0.4154898492419984,0.054671726753,12.4789816553,4.533341694780001,2.0,32.124755859400004,5.81200821075,1.6889553657799998,2.0,10.770329475399999,0.3386373107709552
1,351310_C0000159_SEG_UNCOMP,0.2252317406014565,0.2601699979938405,0.0468841829598,15.4480092706,4.9524854520999995,2.0,31.4960308075,5.881145614249999,1.95977491428,2.0,13.4164075851,0.21055773435500755
2,351310_C0000159_SEG_UNCOMP,0.15075716603569495,0.6952791323526958,0.036803520474699994,21.703373505300004,5.6594303643499995,2.0,35.6089859009,5.4679401925199995,1.6231757166799998,2.0,11.4891252518,0.21261575417202172
3,351310_C0000159_SEG_UNCOMP,0.22316274038763886,0.40464361819717015,0.0460641508062,15.647897438800001,4.54265118419,2.0,28.0713367462,6.06095820049,1.75098455518,2.0,10.954451560999999,0.1415583821129736
4,351310_C0000159_SEG_UNCOMP,0.2064613807589269,0.21479805099670332,0.039783487051199995,19.3742995317,7.110327913230001,2.0,43.1740646362,5.76175751413,1.46200502235,2.0,10.0,0.2770568425314174
5,351310_C0000159_SEG_UNCOMP,0.1384988114254091,1.1570669903352917,0.0373048264867,21.150729808599998,5.876955648230001,2.0,33.9411239624,5.65545304161,1.84219717848,2.0,10.3923044205,0.36619178733769703
6,351310_C0000159_SEG_UNCOMP,0.2774079640786346,-0.06301101826820972,0.046553523460999995,14.9580971514,4.71638621729,2.0,27.9284801483,6.52255405724,1.8060311667400002,2.0,11.661903381300002,0.19687120941150918
1,999998_C0000220_SEG_UNCOMP,0.13012533487617442,-0.26997950723405445,0.0179489148575,49.475064987299994,23.557135831500002,2.0,79.3473358154,6.238609512640001,1.68946003945,2.0,10.954451560999999,0.6511534182515046
2,999998_C0000220_SEG_UNCOMP,0.17063906322713726,-0.3456314849072881,0.021686641782200002,39.8421567074,23.478759946,2.0,79.4229202271,6.269178096980001,1.7521209114099998,2.0,13.5646600723,0.536597650956594
3,999998_C0000220_SEG_UNCOMP,0.12114656571119525,0.9250160651506938,0.0316820540613,26.2520352796,8.57401604917,2.0,43.2666168213,5.31157477122,1.39300568382,2.0,10.770329475399999,0.2580250607945176
4,999998_C0000220_SEG_UNCOMP,0.149746248757971,0.14218639449147907,0.0249544879068,34.3726916588,17.7828569295,2.0,77.3563156128,5.7002604984300005,1.49211329817,2.0,10.3923044205,0.33526392430159113
5,999998_C0000220_SEG_UNCOMP,0.08629743293043379,0.3163627828975669,0.0129389751098,72.1191268611,41.3736335818,2.0,122.97967529299999,5.16674713698,1.1995346758,2.0,8.24621105194,0.5308171582638167
6,999998_C0000220_SEG_UNCOMP,0.1286616272781013,0.037165367752626514,0.0152945441341,59.76634824520001,40.452197852800005,2.0,110.0,5.61644389515,1.5416288969,2.0,10.3923044205,0.5730716440889504
