BVTV,DA,E1,E2,E3,Mu12,Mu23,Mu31,Nu12,Nu13,Nu23,ROI Number,Scan,m1,m2,m3,Variation Coefficient
0.1221,1.689,93.48154481248724,237.80050316210082,428.58145708543486,41.33720717706893,99.91906539948559,57.671452674271535,0.10969039716130274,0.06534349584550497,0.11398696657807275,1,310101_C0000118_SEG_UNCOMP,0.74707,0.99142,1.26151,0.5443958783192407
0.0642,1.648,71.6255669058549,151.3305423068887,208.9561102430113,26.506461268903685,78.2827102050693,26.639581770480923,0.08537720878473341,0.04665754351397505,0.22730125891940986,2,310101_C0000118_SEG_UNCOMP,0.73035,1.06578,1.2038799999999998,0.9352888551680374
0.2623,1.673,289.02146289730945,662.4826474937273,1248.2315653367045,186.06719218636496,382.381696204218,179.20138965639134,0.1777851450312541,0.06364673146344099,0.16742539237736928,3,310101_C0000118_SEG_UNCOMP,0.75359,0.98565,1.26076,0.22005148034569968
0.1261,1.779,84.079465806691,129.19400995755726,560.5756892560785,31.305859056719303,102.2081975555694,55.255169493570826,0.11359524025242675,0.07320042335408783,0.09479723089785233,4,310101_C0000118_SEG_UNCOMP,0.7611,0.8851399999999999,1.35376,0.2674421420847708
0.1103,2.001,67.65654759635764,122.38274965780585,482.63115045224225,37.515891539610074,86.23663747922467,64.78777884020022,0.15853371391877372,0.0741848456515967,0.08786907624986304,5,310101_C0000118_SEG_UNCOMP,0.70198,0.89315,1.40487,0.4046453816375042
0.1146,2.09,55.98856760180706,166.17835404539153,602.0777758002027,33.190747305596105,81.73775747731264,41.85147170423864,0.10510703447888352,0.04603454802600829,0.0742522133995463,6,310101_C0000118_SEG_UNCOMP,0.67395,0.91747,1.40857,0.3983833935540597
0.1159,2.036,82.25276053944508,400.9667831010947,522.0140636391845,45.160858638208744,162.12668859359428,50.039683329699905,0.07418324813560895,0.05082089743484046,0.1709241700166392,1,310201_C0000160_SEG_UNCOMP,0.6452,1.04094,1.31386,0.4957050190193321
0.1627,1.633,223.63892329562103,507.22324587105004,814.9693734631122,108.68451825280941,157.72038519755273,78.50643834222363,0.12659455416721554,0.05231221383602557,0.10969476118164548,2,310201_C0000160_SEG_UNCOMP,0.76879,0.97585,1.25536,0.5661146603764029
0.2031,1.943,227.120150083167,340.5001722438712,1272.0271941961896,116.88347756160532,192.34783066996826,130.20931501782707,0.21053771329440665,0.039531324243479986,0.0764390010668672,3,310201_C0000160_SEG_UNCOMP,0.72992,0.85221,1.41787,0.4527752297311391
0.1515,1.843,165.0940029939226,434.9685219667988,680.0615179918873,90.38246188687592,204.54452827058608,87.85601018796619,0.1432651832861022,0.05355670662324327,0.17381691515778594,4,310201_C0000160_SEG_UNCOMP,0.68623,1.04936,1.26441,0.25660187019649044
0.0903,2.18,449.8427606004487,267.57731146113565,1031.0737385969057,142.45480306322563,188.57052585336854,276.8549697675899,0.341108282994004,0.12898141922393078,0.08334794305885812,5,310201_C0000160_SEG_UNCOMP,0.62735,1.00478,1.36786,0.9328228711079544
0.1945,1.666,313.81268473468583,612.0397079868533,866.1682020878584,158.32120169019777,211.65372283721013,116.0003525223877,0.15731409442950686,0.0669322689384822,0.1448087263985343,6,310201_C0000160_SEG_UNCOMP,0.7410899999999999,1.0242,1.23472,0.3895253680227587
0.3047,1.916,510.3748893992626,683.8051420965575,2056.7800017098903,227.6014468795097,382.18335213658827,314.1807079967885,0.2185170536964733,0.07861396633841976,0.08754203243758638,1,350104_C0000094_SEG_UNCOMP,0.74236,0.8351299999999999,1.4225,0.1807440238221159
0.3875,2.329,601.0174349834058,1546.2909236348826,2889.348620844934,364.70306521212143,811.2713349010407,433.93890770457114,0.16409886017872896,0.07177122911649529,0.1438000420147879,2,350104_C0000094_SEG_UNCOMP,0.6170800000000001,0.94603,1.43689,0.1696248988316364
0.3682,2.181,606.235868132238,874.0001755831274,2838.3895620654557,291.5161658090953,543.1330299335717,428.3192820957588,0.2366936585551178,0.06876110872268587,0.09247341777118494,3,350104_C0000094_SEG_UNCOMP,0.69387,0.79292,1.51321,0.1013651997466018
0.1787,1.894,198.91389661096144,268.0117025695454,1015.3110656496384,88.70281241043591,153.14289097704975,133.5032120422251,0.2162899712357952,0.06974492816296073,0.07028723876602765,4,350104_C0000094_SEG_UNCOMP,0.7512,0.8259799999999999,1.42282,0.3641797174734877
0.1451,1.933,135.05759049790754,199.64356788010025,830.0631421309024,84.23057547741446,128.90827563190592,98.2644707864368,0.2542088626583646,0.0512785317192336,0.06593905789196858,5,350104_C0000094_SEG_UNCOMP,0.73601,0.84104,1.42296,0.5105145886454405
0.2914,2.127,372.87050160185714,721.5563946925571,2015.7383416203704,219.834004365988,435.6412646389308,245.8660669036834,0.20857003729846207,0.05558326951343588,0.10097426904742372,6,350104_C0000094_SEG_UNCOMP,0.6653899999999999,0.91933,1.41528,0.27255688327620753
0.2225,1.7619999999999998,369.8002298031776,376.28098016584863,1212.9517641477228,139.2349413732079,219.18961818266118,198.8045449728558,0.2588727102984256,0.08753638786388185,0.09359255117031874,1,350107_C0000104_SEG_UNCOMP,0.78701,0.82663,1.38635,0.14898371215742098
0.2379,1.77,365.4648974564522,483.9645850542177,1337.0402321052638,166.3145833925901,244.59261045010163,212.7356013060564,0.2508269437355313,0.08650810848809397,0.08828263896112068,2,350107_C0000104_SEG_UNCOMP,0.7631600000000001,0.88633,1.3505200000000002,0.16916727329662393
0.2331,1.964,340.9597494368387,829.5722087256128,1491.4032731325863,183.29998334039936,439.2646201686162,200.93012123236642,0.15244698244708774,0.06528984782720942,0.16051319006208326,3,350107_C0000104_SEG_UNCOMP,0.68248,0.97717,1.34035,0.2033290417169159
0.1831,1.725,234.02183214789127,290.6231757932053,975.0094130661256,107.04864963832036,150.2081739412153,128.72434114180268,0.2634500300951417,0.07245275336091142,0.07725283837271693,4,350107_C0000104_SEG_UNCOMP,0.7853399999999999,0.85974,1.35492,0.2869103547233948
0.1393,1.771,127.98724911742686,209.6922984898296,589.0797243384576,71.85501082012054,117.28395036246431,78.77972007130491,0.23500914559256256,0.06409959436465666,0.10076642708900384,5,350107_C0000104_SEG_UNCOMP,0.7419899999999999,0.94362,1.31439,0.14805175197965253
0.1665,1.907,172.60534531851388,466.11303458429006,899.6808236000679,103.04474675586908,260.7197786578896,118.16100852351923,0.150198580348319,0.06548454912354376,0.15857740107702406,6,350107_C0000104_SEG_UNCOMP,0.68584,1.00604,1.30811,0.3400365619069897
0.129,1.751,113.05930579201937,223.8433583061158,606.1387639677567,51.983167511997365,117.26844258465911,67.99032655106386,0.13558346827972426,0.05625689022531902,0.12109083145289465,1,350108_C0000130_SEG_UNCOMP,0.75842,0.91395,1.32763,0.247550874336298
0.2575,2.04,286.25330543191035,965.6473911712816,1605.6549279349756,166.57013457333682,456.05432331207487,192.96351571019176,0.0982354768527922,0.0644162827571686,0.17333986066654486,2,350108_C0000130_SEG_UNCOMP,0.66241,0.98633,1.35126,0.09635123848274084
0.116,1.754,84.3054772104594,175.3793552411893,520.8524831803209,55.33028802850529,106.07392352419329,61.07169781841586,0.2414794913043268,0.04876499136901714,0.10075019586905601,3,350108_C0000130_SEG_UNCOMP,0.75241,0.92781,1.31978,0.21407424030423444
0.3046,1.993,450.7874130117261,848.2194873739174,2236.280799254596,241.75356186528637,433.2398939668045,286.1372897006434,0.20879501597384245,0.06240961668182155,0.10439553843456766,4,350108_C0000130_SEG_UNCOMP,0.71262,0.8668100000000001,1.42057,0.07785052387266099
0.203,1.97,235.42323217999402,657.1076470592405,1163.7194887988576,152.9312065194804,346.0654466656587,152.18808839568672,0.17090782026509085,0.06483712187046799,0.16720661443393164,5,350108_C0000130_SEG_UNCOMP,0.66683,1.01978,1.3134,0.2882465258336233
0.1692,1.894,162.48462709990682,413.5280331057773,944.8026128794434,129.91850670835103,237.9629637220212,128.2279068692359,0.21983601018210366,0.05867997528319808,0.1231194605796046,6,350108_C0000130_SEG_UNCOMP,0.69315,0.99391,1.31293,0.3997786887334564
0.2939,2.244,325.05673035881017,813.3711136287407,2169.1247049031563,208.93299279688873,449.9586671883743,268.1581660802832,0.185963589703286,0.057811491848196686,0.09743714692057943,1,350201_C0000066_SEG_UNCOMP,0.65375,0.8792,1.46705,0.1913804173207084
0.3524,2.155,558.3587507005917,1134.9234624519052,2514.913367700505,300.2606152124611,564.107663525543,359.1294446084685,0.1857390314357578,0.07230130877542296,0.11606650620005125,2,350201_C0000066_SEG_UNCOMP,0.6627,0.90916,1.42814,0.07969731226999616
0.1066,1.741,98.01394518741269,85.87620170150112,501.8556603738057,34.05144284178743,66.31651030461741,68.59347456028978,0.22486473635208115,0.07077354927995595,0.08576277401124435,3,350201_C0000066_SEG_UNCOMP,0.79396,0.8240000000000001,1.38204,0.3135653850151883
0.2345,1.985,230.20563872002325,885.8504287913222,1231.4933612427164,167.0405707484132,424.19855128726783,151.06070678435708,0.1440753257799148,0.06287971977527311,0.17494547561955764,4,350201_C0000066_SEG_UNCOMP,0.62208,1.14337,1.23455,0.18231619382092654
0.1853,2.0380000000000003,165.33954297309762,290.2944774445778,1188.2880782330944,95.29968384602316,181.16838153723447,129.01769328987623,0.2281731799940171,0.047122666931480636,0.06979615168571221,5,350201_C0000066_SEG_UNCOMP,0.6983600000000001,0.87856,1.42309,0.17101723490083331
0.3372,2.364,361.96910671905806,1287.3959706299713,2462.327550382688,229.27753564630382,632.6591656248547,278.32962757971364,0.11686287269665868,0.05559940909401302,0.14154729225566748,6,350201_C0000066_SEG_UNCOMP,0.60951,0.94976,1.44072,0.13482588091527425
0.407,1.67,896.8269340445993,1293.5578993900751,2549.7968492174564,415.13113590073516,626.692324586933,392.8569219107193,0.20388585435758308,0.07509585625907916,0.12925710105983432,1,350202_C0000070_SEG_UNCOMP,0.77023,0.94334,1.28643,0.1379792843072665
0.345,1.595,543.8382164921328,636.1844144620022,1922.3812292449966,253.81251053600502,383.01743688958163,340.5795861192599,0.23574829833519395,0.0785552481357291,0.08838480457465278,2,350202_C0000070_SEG_UNCOMP,0.8235399999999999,0.8629600000000001,1.3135,0.21361477287728511
0.2848,1.917,366.20968176188927,801.2435255995099,1652.6478259417875,202.82455378487228,434.272077197817,248.15116366234662,0.15774924480886204,0.06911949774477398,0.13626082719118973,3,350202_C0000070_SEG_UNCOMP,0.70467,0.94436,1.3509799999999998,0.38172339778033737
0.2155,1.881,165.68709020417342,268.3063906505369,1110.8485327197202,89.30682132476299,185.488365807168,129.8324498138195,0.1963572745443004,0.05742559867545681,0.0711935028586263,4,350202_C0000070_SEG_UNCOMP,0.7429600000000001,0.85969,1.39735,0.2441886523379829
0.2316,1.975,126.85839364141806,468.4729461663224,886.7319199487976,88.84490691905056,270.6332722760252,100.15131519926744,0.10245759041799504,0.04587701999164128,0.15018269323611755,5,350202_C0000070_SEG_UNCOMP,0.65894,1.03995,1.30111,0.26086433507283824
0.4036,1.917,729.7200215313343,1151.4737742032264,2821.68896923085,353.07416778068307,645.2108522138335,494.86401777575736,0.191200110829778,0.07410637370006022,0.11835096766577785,6,350202_C0000070_SEG_UNCOMP,0.7308600000000001,0.86839,1.40074,0.190986643854348
0.1618,1.858,136.61516897926512,176.11857728249336,655.264886606456,68.79377268587959,116.12896026013378,96.1432476534552,0.26405679000682386,0.061099691396517414,0.07715143150688919,1,350203_C0000099_SEG_UNCOMP,0.7350899999999999,0.89938,1.36553,0.30817403896301643
0.1655,1.768,138.6581297163239,287.16179144792017,681.9772844372848,75.74111300617072,147.3359358126094,96.55856590407015,0.1546922915762707,0.07779025109808567,0.11317674102690575,2,350203_C0000099_SEG_UNCOMP,0.73258,0.97248,1.29493,0.25708953715054905
0.1775,1.807,119.37540982550202,237.01515398085357,632.7120318720986,60.29660850321853,127.84780911122351,76.05683952516534,0.14006669950070633,0.05923277330642996,0.09777130540660683,3,350203_C0000099_SEG_UNCOMP,0.72304,0.97038,1.30658,0.41199922052373206
0.242,1.963,265.00860627670255,475.76962201284243,1239.2741693843855,124.78793876099516,288.19739815070966,166.18706705681922,0.1855633417938381,0.05776600201209716,0.1040354958113735,4,350203_C0000099_SEG_UNCOMP,0.69898,0.92924,1.37179,0.2940629789135024
0.1791,1.733,157.2224852685739,225.00700366533385,659.7189421970726,66.46780765088573,114.63966885147757,88.27620547566372,0.20273866363544213,0.05536046896666779,0.07837835827651515,5,350203_C0000099_SEG_UNCOMP,0.77382,0.88538,1.3408,0.3736109506957892
0.0978,1.808,60.6577321940777,74.65673202983871,364.10554699749326,20.377450186330012,53.3285333148487,40.23738879102549,0.1404562099080656,0.0444935251501403,0.0681612242029824,6,350203_C0000099_SEG_UNCOMP,0.75665,0.875,1.36834,0.4809899381285792
0.2294,2.05,214.35304968470246,497.25042813778913,1437.2127762457073,99.15341680323894,253.3714850096513,153.17298042760308,0.11059557348329067,0.05435019320292898,0.08771514915464705,1,350205_C0000112_SEG_UNCOMP,0.70598,0.8468600000000001,1.44716,0.385547814717474
0.2486,1.865,334.58728466491453,389.9937029311261,1525.941769794327,126.86992479778357,266.07786576245974,192.62220971557,0.2034827166443663,0.05724066082762842,0.08416453080673526,2,350205_C0000112_SEG_UNCOMP,0.74915,0.8539,1.39695,0.12362060092792078
0.3224,1.974,506.5718422713964,1086.3140207355548,2261.511952040848,234.79811192632096,515.1410693530581,352.1035634591435,0.14097192207854686,0.08009544014360832,0.11940145092662666,3,350205_C0000112_SEG_UNCOMP,0.70502,0.90336,1.39161,0.21535662849716974
0.2624,2.005,362.9749374497513,885.9890896717177,1590.7322735153996,163.40503709455638,399.534299027662,212.58276054751246,0.10705500634998444,0.07223645024757074,0.14304390078992998,4,350205_C0000112_SEG_UNCOMP,0.67416,0.97447,1.35138,0.22647180616832216
0.1564,1.924,97.71154345394243,308.2746183469037,616.3265217053939,58.812660382922964,159.83824876055638,66.03264017241689,0.12864114194514178,0.050279533658135415,0.1374996037670757,6,350205_C0000112_SEG_UNCOMP,0.68067,1.01005,1.30928,0.3942169005279441
0.1744,2.116,115.57713329244824,301.07168432882537,970.4549041460199,66.6917801346007,210.92600246628484,82.601130852328,0.14518430313654265,0.03810151228213917,0.10753366267529144,1,350206_C0000126_SEG_UNCOMP,0.66152,0.93888,1.3996,0.22433836319787928
0.2085,2.126,185.60268160879718,761.1177260852933,1294.362807494956,117.52631117135236,361.07799059418863,116.28605356850008,0.10292650060088852,0.04024444048880975,0.13587803761445533,2,350206_C0000126_SEG_UNCOMP,0.6207199999999999,1.05988,1.3194,0.337720664027208
0.2172,2.137,162.9387983407573,446.3582281568772,1156.4185720609325,84.65027240894605,227.27286291714825,91.77462643163513,0.11385200166649224,0.03672927593326136,0.10636879468486228,3,350206_C0000126_SEG_UNCOMP,0.65841,0.93467,1.4069200000000002,0.22747981428201786
0.1642,2.175,80.54790067548431,253.21588819721825,779.2104036486841,47.50500958286753,133.35732716797372,60.3505602678193,0.1138951286180673,0.03780117743260589,0.08509834016125127,4,350206_C0000126_SEG_UNCOMP,0.65952,0.90572,1.43476,0.35707718154789386
0.1676,2.086,145.23645234779426,110.53125092386793,920.7703487699561,69.36360177376244,99.39365935927256,83.89089106242903,0.3773155614274788,0.0323498830242431,0.04536118133612891,5,350206_C0000126_SEG_UNCOMP,0.71844,0.78277,1.49879,0.2605733684567745
0.1388,2.036,82.65557075091702,89.5010131808251,620.4828524886873,43.43306696822688,63.58749515548486,52.57980446874649,0.29764378881622594,0.035538971723025684,0.04494532699555394,6,350206_C0000126_SEG_UNCOMP,0.7147,0.83016,1.45514,0.3982932146224203
0.248,1.943,254.7764733980539,678.0568514991038,1390.4043631434479,136.5520797080115,341.4855496605214,152.23905200189074,0.12554163525784987,0.05105551549442349,0.1322518748495665,1,350207_C0000137_SEG_UNCOMP,0.6809999999999999,0.9955,1.3235,0.20839308241228532
0.1373,1.904,95.51829773810366,164.66565580409338,672.1248860628011,48.99959437374189,81.48489990879328,69.0648247918063,0.17376877170953578,0.04883521726382127,0.04768180164110356,2,350207_C0000137_SEG_UNCOMP,0.7488199999999999,0.8251799999999999,1.426,0.5418998683771452
0.1954,1.907,149.26490866374436,367.91451328438393,1094.1752857487752,86.66194268303637,198.45198065799698,109.9156147674551,0.1679729912296882,0.0428448004598641,0.0876501537063337,3,350207_C0000137_SEG_UNCOMP,0.7085100000000001,0.94061,1.35088,0.2612244255110981
0.1433,2.249,69.9058677727731,126.74426182476944,771.8636685363222,40.695844094227894,95.91777298997526,52.546822974713315,0.20378437546445588,0.02530685902496656,0.04413225343103088,4,350207_C0000137_SEG_UNCOMP,0.6554,0.87084,1.47376,0.34188991923236645
0.1817,2.006,143.04142632053816,289.865045532376,1005.1195365718139,78.66523331777077,139.5145513959757,108.61392308181566,0.17503628005495933,0.05150202009623105,0.05987782565957558,5,350207_C0000137_SEG_UNCOMP,0.71824,0.84106,1.4407,0.3176841035844496
0.2978,1.863,393.8048986438726,751.577228034457,1914.5462540971241,195.35566248753508,363.4496008387162,275.55369547049645,0.1731946265250756,0.06987508553520971,0.08480374739803097,6,350207_C0000137_SEG_UNCOMP,0.7356699999999999,0.89394,1.37039,0.18004551668534585
0.0641,1.905,3.225141553825062,11.026714374605492,39.60406492895774,1.9572525695076328,9.618547311666262,1.6523028877276902,0.09051266070366178,0.009873909745655872,0.10561998138866392,1,350208_C0000141_SEG_UNCOMP,0.68399,1.01319,1.30282,0.3457227591117116
0.0757,1.895,2.689364961424693,9.733572141835328,35.44665561536774,1.6533026302773488,8.418403210943907,1.4852192953643788,0.08702503501202119,0.00957672924738135,0.09574295681103596,2,350208_C0000141_SEG_UNCOMP,0.69701,0.98242,1.32057,0.6489187503883883
0.037000000000000005,2.089,20.88475537675602,34.931816720298464,84.47609094877005,9.851862218387351,16.457249990243945,11.636773704184144,0.13253464193159809,0.06399855027543698,0.09945398934771654,4,350208_C0000141_SEG_UNCOMP,0.6534800000000001,0.98139,1.36513,1.1102713643569169
0.312,1.907,522.0136083999168,751.1784198998839,2152.517826455698,258.144675812495,427.5295865906951,306.36948692532945,0.22607562322862346,0.06606668660888163,0.1026336970472287,1,350302_C0000111_SEG_UNCOMP,0.73007,0.8778799999999999,1.39206,0.2651390585663056
0.2,1.884,221.5336423912724,324.20600665636863,1156.916449390229,103.83721223139892,188.20505634861772,132.2624530550762,0.2291936649668523,0.054258582930727474,0.07308440093228075,2,350302_C0000111_SEG_UNCOMP,0.74511,0.851,1.40389,0.22835364137631106
0.364,1.905,616.9435667884052,1712.4088604733456,2489.381770284631,368.36883414040483,702.2842960949672,390.95460868311204,0.12376401769435295,0.0746019960075095,0.1703570638564307,3,350302_C0000111_SEG_UNCOMP,0.68972,0.99643,1.31385,0.3516974863236935
0.241,1.982,372.95188665498574,495.03497962702033,1561.9909810970114,182.57324864369733,252.91340375852542,200.95317995939254,0.2574614634936053,0.0620766493302176,0.0862276112040595,4,350302_C0000111_SEG_UNCOMP,0.72382,0.84147,1.43471,0.3866167847064193
0.0637,1.729,27.270195912373122,41.4206556795884,127.08205411912321,13.212891346187744,39.71381918519211,17.535628495827265,0.16048292996585453,0.053496304953675966,0.19236305965572528,5,350302_C0000111_SEG_UNCOMP,0.74989,0.95355,1.29657,1.1472346243201017
0.248,2.009,265.87238301471854,784.8925006418892,1308.365839437782,154.59327206640384,514.8038747980744,178.48031966440757,0.11563132971731227,0.07240754332000901,0.21511643090607466,6,350302_C0000111_SEG_UNCOMP,0.6409699999999999,1.07133,1.2877,0.2810030036153776
0.1502,1.5730000000000002,74.98326643974681,152.31798464912347,297.2626736347188,42.314424917596725,69.52685745619402,41.155551425696935,0.1391538858197594,0.05733044962758493,0.08037433228765396,1,350303_C0000153_SEG_UNCOMP,0.7784800000000001,0.99698,1.22454,0.5605733336977949
0.303,1.775,321.3768302345322,720.301467138264,1485.5841710046914,187.7168961461253,359.55467711298894,205.7163440237716,0.1456516112430443,0.06365742713364264,0.1062055371790202,2,350303_C0000153_SEG_UNCOMP,0.72551,0.98672,1.28777,0.3205671983182053
0.3784,1.765,521.2334426616128,1303.793905210463,2203.0859927803376,331.5079656406491,645.3108732606953,329.9911557210795,0.15539492692137566,0.07124166404132602,0.13792934318838426,3,350303_C0000153_SEG_UNCOMP,0.70182,1.05944,1.23875,0.2338899493360314
0.3573,1.815,471.89329263127405,1198.1525581250314,1998.11317044026,298.38469672726416,615.4343498273097,308.0693595603084,0.14670177214760494,0.06959385109683969,0.15409259836254785,4,350303_C0000153_SEG_UNCOMP,0.70045,1.02821,1.27134,0.25838775561759275
0.2207,2.157,100.90901808544615,624.4364926038187,856.7535632389618,89.39751085872885,300.35420016432863,81.90377565731224,0.08753548476647563,0.043235821117822086,0.16506663712368622,5,350303_C0000153_SEG_UNCOMP,0.5727399999999999,1.1919799999999998,1.23528,0.4084155543872141
0.4666,1.776,893.6353563953985,1606.1045487912756,3201.123430970647,497.8787682487927,837.9334029957048,579.9827089561983,0.189596530496112,0.08398016449102128,0.13009694345565492,6,350303_C0000153_SEG_UNCOMP,0.74136,0.94187,1.31677,0.17496381596790844
0.2368,2.219,258.0275892472847,768.4052011719597,1534.739820772104,168.3158731470383,402.7193330395117,199.37400538269333,0.11039455627805164,0.05677439804544445,0.14363626630614926,1,350304_C0000179_SEG_UNCOMP,0.63476,0.95699,1.40825,0.6077858853210006
0.031,1.972,14.119187709841352,35.774070263709056,132.67024033598494,7.021113501775662,29.009143964903803,9.556651774906019,0.11954845440058542,0.06181549406337671,0.11385529368847,2,350304_C0000179_SEG_UNCOMP,0.68216,0.97244,1.3454,0.7215412463732247
0.2185,2.146,232.9644432879696,676.2979143865853,1440.6357257849786,158.43021046819743,368.7859066275965,181.9188235610157,0.14305464963318365,0.058374318589769526,0.12352669384048075,3,350304_C0000179_SEG_UNCOMP,0.64118,0.98282,1.37599,0.5422775109270398
0.1456,1.848,112.7298435521918,310.7442519099895,668.045726753641,79.57921074303124,214.71135969557128,85.16641538205221,0.13864376951112914,0.043761799602348966,0.1667824794181796,4,350304_C0000179_SEG_UNCOMP,0.69733,1.0139200000000002,1.28875,0.4731662998945936
0.0763,2.188,443.80187768279603,272.2925899648717,1062.174707153036,144.93304097399178,179.48228256700108,272.8004324284313,0.35633883681767226,0.1144240935757602,0.0794215521417769,5,350304_C0000179_SEG_UNCOMP,0.66122,0.89228,1.4465,0.9314958708539464
0.2311,2.095,354.36967422789075,942.391738131498,1632.9931530602405,219.14092235051982,467.2028564871487,252.6369040258223,0.13668960537534805,0.0699164215002239,0.15393610373415306,6,350304_C0000179_SEG_UNCOMP,0.65658,0.96814,1.3752799999999998,0.7026429336404408
0.0689,1.911,29.92770745742157,43.25273955909451,228.051150078349,18.9379605157396,33.783533763742525,22.01356357547889,0.2469980703262595,0.04600801357003352,0.060998353620769434,1,350402_C0000050_SEG_UNCOMP,0.73616,0.8568600000000001,1.40699,1.2550870095260402
0.0797,1.838,42.52042739699142,97.9004937582702,295.39434154407184,28.57746534008856,59.48259787701607,26.535118901385303,0.1592437468663946,0.04423099058813717,0.11273402053821853,2,350402_C0000050_SEG_UNCOMP,0.71536,0.9699,1.31474,0.5794517379035795
0.1547,1.99,114.26626251173586,216.9776539509662,801.3268769797518,65.51426833161644,96.10259567978704,79.00783504842984,0.1935589720491825,0.05488591925542,0.05557186940343952,3,350402_C0000050_SEG_UNCOMP,0.71705,0.8557899999999999,1.42716,0.33842243151016504
0.0535,1.66,4.0101410374398965,13.734635145169575,58.342679516435325,3.4574679808336497,13.52102856212595,3.3502859237830402,0.10750912339098212,0.018698345951553987,0.11257706234439206,4,350402_C0000050_SEG_UNCOMP,0.73761,1.03824,1.22415,0.7065517557534616
0.1493,1.916,129.55972017498368,172.40606705906978,795.1291814225089,61.14271221229861,96.20758921129244,84.14704500801786,0.20507479928533398,0.062154048102188386,0.05431277128403982,5,350402_C0000050_SEG_UNCOMP,0.73577,0.8542,1.41002,0.33833383231242764
0.1544,1.929,120.10819594648608,333.73684957426497,809.4441136477827,75.54586889863148,142.36037175385326,89.8172749729146,0.15015183359121606,0.061307817570708426,0.08458610958037015,6,350402_C0000050_SEG_UNCOMP,0.71141,0.91599,1.3726,0.37014471018337214
0.4886,1.503,1767.5219257768454,1968.8963170429956,3582.264860960459,747.6747576342807,950.7229223492508,897.9437977074472,0.25174888228474684,0.1335151729858642,0.1408596650690117,1,350404_C0000120_SEG_UNCOMP,0.83642,0.90606,1.25752,0.26455228104633777
0.3562,1.833,717.8295608774351,1322.3465669500474,2322.675645159845,357.45206846786726,630.0966998855503,367.29690301185997,0.17665452542672128,0.07833175279793307,0.13796877062214424,2,350404_C0000120_SEG_UNCOMP,0.71559,0.97293,1.31148,0.22527117835817406
0.4318,1.443,1517.8387699937991,1674.6920059001611,3065.430583895176,597.8517389366187,757.6151106568992,695.9674689866753,0.2330825739167633,0.11868043101537955,0.13984288091917646,3,350404_C0000120_SEG_UNCOMP,0.86595,0.88445,1.2496,0.3640981823763679
0.2824,1.626,543.6544217583846,692.9674963603766,1575.4329182564347,218.64233875625519,297.8048499170762,345.92711765439265,0.20751492442329325,0.11901612063263015,0.08456890069040393,4,350404_C0000120_SEG_UNCOMP,0.82557,0.83181,1.34262,0.2896437946136725
0.3526,1.847,709.1540881307421,1101.6035777192862,2601.070567249605,327.97406742862165,569.6236190738932,449.1564815812147,0.1921918756291693,0.08700899623966549,0.1116177185540938,5,350404_C0000120_SEG_UNCOMP,0.74215,0.8869100000000001,1.37093,0.15648593301664296
0.231,1.558,393.12158359528144,333.5990407268495,1153.7084556343752,150.00782991471442,229.346933611592,180.20766577081173,0.30555278158891425,0.059331280579810214,0.10761371628400752,6,350404_C0000120_SEG_UNCOMP,0.83334,0.8680100000000001,1.29865,0.1803529399334844
0.0624,1.696,39.02075520036465,66.68093575029278,171.4824142881109,23.203943134167208,41.1946620218745,25.56624472590807,0.2092984374034081,0.07258242075604603,0.13362356078882154,1,350405_C0000145_SEG_UNCOMP,0.74355,0.99573,1.26072,0.6293328863565455
0.4126,1.931,695.8225181269604,1629.0825910381025,3047.5177238013684,397.78169244302507,709.7474001839067,448.4119442079032,0.1532403324877508,0.07476091613787332,0.13318469221775062,2,350405_C0000145_SEG_UNCOMP,0.70319,0.93927,1.35754,0.12833347310736515
0.2875,1.798,416.45515184189367,805.9001575551694,1829.3037103042245,222.29437684131767,330.62554515612555,247.8342615506752,0.18841042470639785,0.07279204759976235,0.09798411675204913,3,350405_C0000145_SEG_UNCOMP,0.75455,0.88851,1.35694,0.2314487335333701
0.2274,1.815,224.3622372803352,528.3791579402667,978.9949342867408,159.03543061574345,295.1620896040165,156.68086744688037,0.17703421938760214,0.06352959808618595,0.16292259035307385,4,350405_C0000145_SEG_UNCOMP,0.71267,0.99397,1.29336,0.36361865087127226
0.0945,1.766,67.96420859367548,206.2532273554806,293.4917079138268,44.1036578945171,123.91688402339331,42.0095792826575,0.12558880953266713,0.06756979259782246,0.21500099262106248,5,350405_C0000145_SEG_UNCOMP,0.6959,1.07525,1.22886,0.3360913395688009
0.3693,1.803,745.6818634736821,947.9803730806312,2572.345489013859,358.0076312466772,495.11917493958913,458.7262017300213,0.238928216854614,0.08916723686605743,0.0894135853716871,6,350405_C0000145_SEG_UNCOMP,0.7693300000000001,0.84341,1.38726,0.21037864931566846
0.125,1.804,80.74062868242748,119.39909408220836,346.52042564054614,40.31332797427206,73.02877137069564,48.65871794700959,0.18876503965957936,0.047613128592551984,0.1002947952934522,1,350406_C0000147_SEG_UNCOMP,0.73397,0.94218,1.32385,0.2691286085728996
0.2411,1.93,224.7770643734016,507.86325225661386,1343.6273762028352,128.92738955970535,235.48007291624515,151.77285949352228,0.15775458646257026,0.055353310006967485,0.08202640154137572,2,350406_C0000147_SEG_UNCOMP,0.71329,0.90972,1.3769999999999998,0.25332934800958257
0.3142,1.879,454.8908706829119,972.5564795738933,1625.1081052962068,213.06587584333943,498.7124740670105,247.26221902774572,0.1185698164923915,0.07340427209025033,0.16962556276247331,3,350406_C0000147_SEG_UNCOMP,0.6977800000000001,0.99088,1.31134,0.2262883937512147
0.0839,1.871,43.520734176924336,77.49372218740768,248.01111635414009,20.41604712313611,32.872247385486915,22.062164471362767,0.14341474856667874,0.04913097449297508,0.04425806951067417,4,350406_C0000147_SEG_UNCOMP,0.72163,0.92805,1.35032,0.5376101109038137
0.2393,2.088,268.73414116420133,403.3126301806542,1387.6162954754855,134.0265833541381,246.21034909519105,157.5154791560149,0.2217669748931752,0.05374922065563263,0.07938006282144884,5,350406_C0000147_SEG_UNCOMP,0.67695,0.90935,1.4137,0.3644251139026547
0.1519,2.281,128.3763388211334,207.50745342535373,799.6666497519948,57.126187615317576,146.30857302801232,84.26241527120891,0.15722708641790853,0.04484187794049687,0.07752150363345726,6,350406_C0000147_SEG_UNCOMP,0.63294,0.92311,1.44395,0.6594569242976653
0.2394,2.003,371.4851158769477,577.7644828311262,1522.1315050446076,161.5359926687789,365.4555487108108,186.7663517024289,0.1997286362826608,0.05135036327926102,0.13014119832431045,1,350407_C0000158_SEG_UNCOMP,0.6902699999999999,0.92741,1.3823299999999998,0.20931939214714296
0.2325,1.633,306.66525670249644,691.445194865973,975.6876016801943,155.04896539907082,458.7759325352402,171.06606153448442,0.11049835572241257,0.06926257137524366,0.2955018779048109,2,350407_C0000158_SEG_UNCOMP,0.74215,1.04586,1.21199,0.3160605431200077
0.2399,1.686,315.37907337114456,737.5353506579147,1080.1399148741343,170.8378347922114,468.4088090758008,192.08733325730324,0.11488415258326448,0.07855566492373144,0.2566143581189964,3,350407_C0000158_SEG_UNCOMP,0.73364,1.02912,1.23724,0.22826029075790435
0.2618,1.908,423.80616732786683,627.411648129514,1720.3246432316541,224.74676269207328,397.17792316117175,280.8670961288784,0.2698866974751157,0.07334359274447838,0.10996518739995552,4,350407_C0000158_SEG_UNCOMP,0.72825,0.88245,1.3893,0.23277558270810084
0.1817,1.641,253.7804400797348,386.0194261472715,903.8267759976924,102.98723711018324,191.0901929041036,148.93458031809593,0.2068652789799725,0.07888545038579722,0.10747605103897097,5,350407_C0000158_SEG_UNCOMP,0.78822,0.91809,1.29369,0.2277735556196183
0.2305,1.711,306.8990022663201,782.1896074621358,1156.0409999729668,169.1424833214735,473.9952434483872,177.17455861430702,0.12901335417980764,0.07464239632392562,0.2402872200145985,6,350407_C0000158_SEG_UNCOMP,0.71825,1.05312,1.22864,0.25823093509516193
0.2978,2.009,279.8120625294179,482.3925072925444,1870.0995179657093,149.10924969948172,351.1221303404577,248.39873434391816,0.17857200069971169,0.0555529030184344,0.08064717173939588,1,350606_C0000070_SEG_UNCOMP,0.70785,0.8700200000000001,1.42213,0.17514917771665062
0.3457,2.238,371.8674500776072,1096.9238121581284,2163.1604750509655,214.688717208236,628.1036902083345,252.72155161273685,0.11103575299790366,0.048653503806827,0.1398613117080962,2,350606_C0000070_SEG_UNCOMP,0.61956,0.99394,1.3865,0.2553717076388169
0.1426,2.197,35.793429205213016,88.55776220563693,544.2586513561272,23.998165608836466,85.75613456658867,39.1591854036647,0.14928660198102206,0.030305773041274294,0.040652557195714416,3,350606_C0000070_SEG_UNCOMP,0.65809,0.8959600000000001,1.44595,1.3092203637297803
0.3427,1.789,565.5092427437681,823.7165976392422,2060.694282131435,256.91648184337805,449.0995094252484,329.98459161184064,0.1817898181873607,0.07379807596872533,0.10419754086117566,4,350606_C0000070_SEG_UNCOMP,0.7610600000000001,0.8773700000000001,1.3615700000000002,0.2341651672257002
0.2933,1.805,484.33222430731047,927.7638030090576,1665.5920309144244,220.1234576677372,430.97276207083223,249.1930017465127,0.1302315774045506,0.0740148395029495,0.12898111448547522,5,350606_C0000070_SEG_UNCOMP,0.71582,0.99214,1.29204,0.6218803387067251
0.2079,1.976,170.40827217934978,359.77455550109414,859.5089510748976,80.52155372720095,207.51448961995774,118.52381740128568,0.11551814675363395,0.06435195088441363,0.10593320987249302,6,350606_C0000070_SEG_UNCOMP,0.68988,0.94693,1.36319,0.5455708846606281
0.3281,2.322,387.3705436603888,1133.285380541959,2508.703601731325,245.75207601852844,607.9797917780106,296.74549411998953,0.14494845554676544,0.054384446294663734,0.1236981721294998,1,350608_C0000085_SEG_UNCOMP,0.6200399999999999,0.9404,1.43956,0.15777911205867112
0.385,1.927,765.0201458447377,980.1379062336999,2974.177510481155,386.44977992276324,579.5678559719265,504.2520306050055,0.25574379145161363,0.07999995383147931,0.09868330952713192,2,350608_C0000085_SEG_UNCOMP,0.74526,0.81881,1.43593,0.093628072983516
0.2118,1.862,248.77417737212062,368.2856037015413,1373.250440759606,154.367054775257,225.1147277650925,199.55967436583424,0.26586476841655665,0.06013688190170158,0.06697219286341467,3,350608_C0000085_SEG_UNCOMP,0.75346,0.84352,1.4030200000000002,0.3149835480566929
0.1489,1.764,180.94924183178824,324.0347185057945,752.7966414348192,91.305465947972,164.55690017422475,108.52811532222448,0.1865045715039199,0.06683741382943381,0.11320984225033108,4,350608_C0000085_SEG_UNCOMP,0.76307,0.89061,1.3463200000000002,0.4709784650983967
0.3067,2.388,288.95521024277815,1116.405373390893,2328.825802291733,228.34915603621155,586.0605321402528,254.24610149274844,0.13502283643761212,0.045631370227294264,0.12424064277529195,5,350608_C0000085_SEG_UNCOMP,0.59292,0.99101,1.4160700000000002,0.12978253747712615
0.2462,2.222,232.6751282789507,571.4598654841508,1690.7449205582434,155.60226603218382,302.3106056726752,182.48723855710628,0.19558889596585846,0.04653961046520857,0.08493527419795469,6,350608_C0000085_SEG_UNCOMP,0.6575300000000001,0.8814,1.46107,0.1834500014261601
0.2692,2.003,361.2863039945784,647.6727784682716,1860.6780352904127,208.08315055015697,364.3531441339558,265.063167525035,0.20308676733089204,0.06917371100101748,0.0918449173059591,1,350701_C0000082_SEG_UNCOMP,0.7115,0.8635700000000001,1.42494,0.2640889596362295
0.2845,2.302,382.2202648667293,789.1966771532808,2057.713950823038,188.08961623914874,490.9035954324948,268.8394482038797,0.192673824711044,0.06398173332634992,0.11879463713139128,2,350701_C0000082_SEG_UNCOMP,0.6469699999999999,0.8638,1.4892299999999998,0.07152553812283513
0.1967,1.716,252.74158817267516,457.11060276403435,1008.4405271800156,135.29036496905616,254.51935277908126,170.82303082899472,0.2227904056754348,0.0893123549894898,0.12853560529619412,3,350701_C0000082_SEG_UNCOMP,0.75452,0.95057,1.29491,0.2565933493263334
0.1009,1.663,76.30617118966259,111.32514681264894,339.88276949000857,35.53539879963325,66.65083847910175,41.85815761606347,0.2223922560905056,0.05287629728979232,0.09763474837625304,4,350701_C0000082_SEG_UNCOMP,0.7722899999999999,0.94364,1.28407,0.6038584041352747
0.1638,2.092,143.13632306178408,293.26853389255444,955.8969535247313,78.04889815390172,169.52375156421076,86.19193038167944,0.18407058789174305,0.040710859733453716,0.08033156104597236,5,350701_C0000082_SEG_UNCOMP,0.6713,0.92451,1.40419,0.16607685160069308
0.2267,2.003,269.0428832965374,479.96277442198766,1471.466265675757,118.09010289307659,266.09084093271406,188.43546079524296,0.1804383978859921,0.06513775758054309,0.09770752767274107,6,350701_C0000082_SEG_UNCOMP,0.7078300000000001,0.87454,1.41763,0.1910132721698428
0.1378,1.272,289.0808218177688,287.8892090399468,453.4558416930785,108.71618589579164,94.73279957160295,86.75035163902702,0.22235561741112067,0.09661629974646414,0.09552675997717013,1,350701_C0000083_SEG_UNCOMP,0.8891600000000001,0.97952,1.13132,0.5732815380186733
0.3168,1.5590000000000002,676.5298758376916,991.8775288577687,1525.8379685754983,303.75442961026647,588.725847410554,340.8706735163377,0.15706692414095816,0.10730625957755956,0.2399667569812461,2,350701_C0000083_SEG_UNCOMP,0.7763,1.01332,1.21038,0.32377440737970353
0.1169,1.4509999999999998,164.06468109081385,198.07592992715766,489.7617549821016,71.78471384113742,82.84588863534233,70.7605963514323,0.2252783033402417,0.05965442060230485,0.0753607522435569,3,350701_C0000083_SEG_UNCOMP,0.8406899999999999,0.93949,1.21982,0.6171529668170171
0.1476,1.432,183.42353764515155,305.60241372721316,563.2490870921541,101.81600032776726,133.73034318020206,85.73197586733033,0.2090884769335767,0.04795725753694391,0.12625107526980242,4,350701_C0000083_SEG_UNCOMP,0.83493,0.96912,1.19595,0.6114903346425689
0.3623,1.581,968.7831515759281,1403.9517236427264,1991.690766747093,441.26127598110827,650.1741477249992,443.3922144422107,0.16722040799416546,0.11430324642388776,0.20720481755839107,5,350701_C0000083_SEG_UNCOMP,0.7821199999999999,0.98142,1.23646,0.26553506286925616
0.1276,1.544,149.1521182930585,260.9327747325204,460.3824079728298,92.1877456927776,200.30833778787246,100.3766592930574,0.14231346623820834,0.06758951853097983,0.25491989296883805,6,350701_C0000083_SEG_UNCOMP,0.77361,1.03205,1.19434,0.7558322946395398
0.0552,1.7280000000000002,51.47479697740364,115.06984574427885,288.99553850147214,38.74703873632915,63.605996244232294,36.30043912090089,0.2276321057534573,0.04822178517298238,0.1124891088813161,1,350702_C0000096_SEG_UNCOMP,0.74774,0.95985,1.29241,0.9061441208178356
0.0483,1.723,4.547265003188668,35.49499488501367,73.58587427658543,7.398960012945279,26.31602745861211,8.114592957493032,0.10209991096135376,0.017489015005918034,0.22805283963513834,2,350702_C0000096_SEG_UNCOMP,0.7361300000000001,0.99527,1.2686,1.3599793424697253
0.0498,2.065,39.78541915052491,68.40101436624987,325.99520975969926,25.75756233062644,61.490448891883624,34.05089577328185,0.22237087496922808,0.03900104419560632,0.06757358947092681,3,350702_C0000096_SEG_UNCOMP,0.68121,0.91233,1.40646,1.0869096607232638
0.0813,1.9,61.77532654156163,234.04954682012269,410.80933615210665,49.956516473455714,100.60160220125736,48.699481036777236,0.1214390843253628,0.06137291734661001,0.13577828198077765,4,350702_C0000096_SEG_UNCOMP,0.67528,1.04161,1.28311,0.3354227804222256
0.0971,1.9,54.07114046658097,238.52401624084203,446.38076690051804,42.08813487013696,116.22033688428051,42.862819985085906,0.12800708488657814,0.03951069403441819,0.1470781220384027,5,350702_C0000096_SEG_UNCOMP,0.67456,1.04396,1.28148,0.5083593021261764
0.124,1.506,119.79671812472846,261.7032241026808,556.5428783480504,74.63185987698323,174.37207474215407,86.80336355618326,0.14933489398857475,0.06610800756553098,0.18402546454646013,6,350702_C0000096_SEG_UNCOMP,0.8096,0.97108,1.2193200000000002,0.7311119956723576
0.2466,1.758,309.8332961012166,709.709091703543,1437.2238239796454,183.20071397937684,305.2765766758344,195.67641846787566,0.15957882809292595,0.06406370882199516,0.10942322130937747,1,350703_C0000118_SEG_UNCOMP,0.7367,0.96833,1.29496,0.30695046536977005
0.1243,1.689,130.1396892615238,285.5278339087996,432.2516176421989,68.85920426095346,155.8460383236495,73.46076938818902,0.12163026046593348,0.0923733352588113,0.19539437674800808,2,350703_C0000118_SEG_UNCOMP,0.71133,1.08703,1.20164,0.4537162060032277
0.0247,2.025,0.7585434473646664,0.9262577106638408,17.772542268064313,0.5028926550277408,1.2316783585501383,1.1527753513549008,0.2699317945673486,0.04099968695931285,0.019459757653185458,3,350703_C0000118_SEG_UNCOMP,0.71958,0.8234600000000001,1.45696,1.2584668241480277
0.0627,2.327,364.98454807296935,588.5077932198906,610.1976818422551,164.73357252829788,326.18530504578115,185.19987354138996,0.11882224136940588,0.16723507857456218,0.2931521859716836,4,350703_C0000118_SEG_UNCOMP,0.62693,0.91406,1.45901,0.5998658908299063
0.3557,1.926,596.5965032298861,1219.2326562572505,2732.5991974880944,305.3315351333117,608.5266750622216,373.2369644904285,0.1530623114638208,0.07012294919222767,0.11984846903509208,5,350703_C0000118_SEG_UNCOMP,0.70928,0.92469,1.36603,0.15687942999038584
0.2141,2.031,204.19201909135018,419.4578365419938,1492.294824854939,99.89047624246795,233.40239458133945,146.49054765098532,0.13899095206528994,0.051401883437794164,0.07945956829746655,6,350703_C0000118_SEG_UNCOMP,0.69599,0.89028,1.41374,0.3188420046244202
0.1463,1.653,174.29033263322816,362.52618848314887,829.2316201618352,69.2983811976548,182.3685156378576,99.48370861003264,0.12382723268455822,0.06563705656800678,0.10805344240724073,1,350704_C0000129_SEG_UNCOMP,0.7580600000000001,0.98878,1.25316,0.534355701362449
0.2221,1.75,334.16547046604137,618.9196919971438,1491.0795406401667,167.08437937789975,341.044242377797,200.74835586873346,0.17431147728269358,0.05714757791106919,0.11127215127072287,2,350704_C0000129_SEG_UNCOMP,0.73575,0.97701,1.28724,0.22827029292058934
0.3099,1.864,528.6770173480996,719.2260534129297,2216.3773852543327,256.4492502837831,372.3680816905659,333.4613210985895,0.2595284144425081,0.06876876053326736,0.0783791303447986,3,350704_C0000129_SEG_UNCOMP,0.75481,0.8382200000000001,1.40696,0.22203280099248765
0.1884,1.877,178.97252864890453,490.53988641456255,843.8920013096774,97.73017389214918,251.2346309420272,111.199462788637,0.12276258956311445,0.05569320641698724,0.15331832037357848,4,350704_C0000129_SEG_UNCOMP,0.679,1.04669,1.27431,0.4375948424580899
0.2722,1.962,403.6883340799066,1014.0504737394624,2002.4247119822128,193.78055114086854,554.9099859655952,258.15980336971944,0.12807608808228968,0.061669059879017066,0.14083289647471114,5,350704_C0000129_SEG_UNCOMP,0.6782699999999999,0.99076,1.3309799999999998,0.23061832429914456
0.104,1.679,86.52598442991467,202.1802865084943,521.9946150251169,40.50595540515389,103.31936915854759,48.63987408456397,0.12163637142175338,0.045330316624564285,0.10907334734480688,6,350704_C0000129_SEG_UNCOMP,0.7427199999999999,1.0106,1.24668,0.4789708451769394
0.2993,2.049,418.7543357222231,833.384773072852,1996.471690375436,247.5234801336649,420.25433560903224,255.85211881785872,0.21332114678228856,0.06407379754454791,0.11044113758693508,1,350705_C0000245_SEG_UNCOMP,0.68366,0.91584,1.4005,0.2208440110558199
0.1536,1.755,165.07128125283086,276.5406292881645,758.0402099126276,80.5522384493325,139.9922123657321,106.97974570590523,0.17742353005951908,0.078151992875534,0.09035551438624977,2,350705_C0000245_SEG_UNCOMP,0.76852,0.88284,1.34864,0.5139365900227171
0.2739,1.929,407.31426053602587,626.384495317421,1807.1843740140198,200.08729938121655,289.54537182890687,247.1167117922232,0.21420687771296185,0.0749136170288971,0.08211269036569936,3,350705_C0000245_SEG_UNCOMP,0.7298,0.86277,1.40743,0.15836755125199908
0.0652,1.834,31.579068727242824,104.45806370400324,204.9771690614906,19.958556570217908,45.562174556979066,20.93092183301664,0.10285822350420497,0.050204899489042124,0.1333491132081104,4,350705_C0000245_SEG_UNCOMP,0.70175,1.01111,1.28714,0.7514794600889433
0.2449,1.966,250.17734055226242,551.1954086111533,1359.0084726066534,154.4089232835587,305.9055327279752,191.27505392214348,0.1925784169320073,0.07229320865376046,0.11282996597671932,5,350705_C0000245_SEG_UNCOMP,0.7004,0.92232,1.3772799999999998,0.2163569169318832
0.2487,2.115,270.1155998074942,649.2465428932777,1523.9185316211294,160.55192500931392,323.1014479861397,199.17850263557,0.18664070335561408,0.06760557525611527,0.10423004663959808,6,350705_C0000245_SEG_UNCOMP,0.67133,0.90893,1.41974,0.20953296135550287
0.2105,1.759,246.10825035124503,460.3184382031784,1306.0568940701385,136.60881460978038,225.6757004569849,164.40719575209366,0.1996500845684019,0.061135300565169234,0.0827805286315164,1,350901_C0000049_SEG_UNCOMP,0.75947,0.90444,1.33609,0.4399365821323927
0.1213,1.3969999999999998,112.09893768886684,361.9707057441388,350.09278730967986,74.7263233076672,126.76546555116494,120.17660564607245,0.11138561076271447,0.21777718256814105,0.1393860769392553,2,350901_C0000049_SEG_UNCOMP,0.81647,1.04304,1.14049,0.3603120698231426
0.2098,1.722,290.3467161316932,458.7161445810221,1303.0667573385049,143.8184325025967,192.02730529851607,158.2178360297355,0.2146274638643528,0.0679653190584545,0.06608494613912629,3,350901_C0000049_SEG_UNCOMP,0.7788,0.88005,1.34115,0.1997322897364837
0.1448,1.809,146.92722304264714,233.98815923381,822.1665470255284,60.91366467929026,159.8618088148796,97.46176697528513,0.15034017306325842,0.06302614285885558,0.10015040904639763,4,350901_C0000049_SEG_UNCOMP,0.7517199999999999,0.88823,1.36005,0.5580701800674029
0.2601,1.7990000000000002,474.3909509272862,644.3588584703476,1886.3094649124505,209.48933537312058,308.48089835647744,283.3015870839086,0.2032857159874344,0.07797687980679009,0.07649339682052363,5,350901_C0000049_SEG_UNCOMP,0.76982,0.8453299999999999,1.38486,0.3677643501834394
0.2123,1.771,276.3622865363008,460.8336034197612,1331.26092733879,136.67976013939514,228.71563252083817,174.80305293132463,0.1946978750148772,0.0658457160888178,0.08144707709745433,6,350901_C0000049_SEG_UNCOMP,0.7582399999999999,0.8988,1.34296,0.4045941747111981
0.2875,2.209,454.3564353414692,658.638526685688,2068.2974874139827,195.2510994878653,434.81263731219633,281.7677446832178,0.2112204885802008,0.06552346567069732,0.10362801901807947,1,350902_C0000057_SEG_UNCOMP,0.68295,0.8082199999999999,1.50883,0.2489242601421816
0.3565,2.036,695.2960261059163,1036.3178851998828,2600.820022056887,321.86366897342066,557.6009581106388,452.6341644462747,0.2223608187439588,0.0862363909163694,0.1075879062178378,2,350902_C0000057_SEG_UNCOMP,0.71638,0.8252299999999999,1.45839,0.15384164781026127
0.2113,2.0340000000000003,206.28752112351086,425.977042412985,1182.3098357269855,126.69231465067078,290.98131920941063,152.77959339717876,0.20790623988735574,0.051286806333850674,0.11898376028532658,3,350902_C0000057_SEG_UNCOMP,0.67767,0.94365,1.37868,0.26966487637839043
0.2988,2.123,522.4656461742867,714.1635158427417,2202.068826639427,229.35868559545017,462.90973470944834,322.4072109608386,0.2322212646481543,0.06698528687787747,0.10289974015808667,4,350902_C0000057_SEG_UNCOMP,0.69066,0.8432799999999999,1.46606,0.30321728133482845
0.0833,1.682,71.14796212290129,132.42712902921085,369.1441356335423,36.73624638526842,72.09415196466198,53.361136182184154,0.184708471149282,0.07282471666549761,0.08379707941684415,5,350902_C0000057_SEG_UNCOMP,0.77418,0.92338,1.30244,0.7523689013211275
0.2939,1.863,579.1123231262144,939.3945776778005,1916.5045650293987,233.7870140923604,426.3550700751744,364.2368280493359,0.1817849675860194,0.09569208787838514,0.12242835286668602,6,350902_C0000057_SEG_UNCOMP,0.74838,0.8575,1.39412,0.2684276789161732
0.1288,2.011,72.97716087942042,114.49943842402409,820.8586349647612,34.46778254966282,77.16829535272764,69.80351580547233,0.14518762971772828,0.03246778651596007,0.035101923165922144,1,350903_C0000061_SEG_UNCOMP,0.7337100000000001,0.79102,1.47527,0.5536542210285648
0.0338,2.139,1.4549346072071296,1.1270218327731305,14.749956245199266,0.4205537291639251,0.8861033458734395,1.096413504701038,0.12724797966977347,0.0360065895918383,0.040400451370217916,2,350903_C0000061_SEG_UNCOMP,0.70997,0.77145,1.5185799999999998,1.5596211635120771
0.1375,2.0780000000000003,81.24101582623751,76.79506070346176,870.6011430069298,37.687452246682575,62.96540261605102,68.8004484883921,0.261040691211822,0.04908312857850965,0.031025666994106364,3,350903_C0000061_SEG_UNCOMP,0.72049,0.78247,1.49704,0.14828450421547335
0.0484,2.217,2.208741708684313,4.546306957638378,59.111354103289926,1.0646318125598118,4.830104492813015,2.8522631212395027,0.05735989399799037,0.0063385717450603965,0.06413716109887234,4,350903_C0000061_SEG_UNCOMP,0.64753,0.91693,1.43554,0.7899447834640021
0.1075,2.332,75.59611202553977,142.6745304017677,768.6358126573747,40.97954555865309,113.97193435712316,71.17429074805493,0.15102153685625286,0.0396236284741056,0.0698533934349006,5,350903_C0000061_SEG_UNCOMP,0.66781,0.77518,1.55701,0.7219699245736034
0.1701,1.997,179.44601839990517,227.91208957434947,1224.708979594226,66.73984268770018,170.00691919962338,130.08957412886136,0.16609987063036846,0.04682215904102832,0.0670324079520903,6,350903_C0000061_SEG_UNCOMP,0.7351800000000001,0.7965800000000001,1.46824,0.39786476896541423
0.3451,2.137,607.9658713392256,1044.3523764904496,2568.2861148273823,283.7950017925023,611.3243299385546,352.05005785734687,0.19187526190992046,0.06621958374799489,0.12235403976335632,1,350908_C0000201_SEG_UNCOMP,0.66506,0.91361,1.42132,0.08245601598088878
0.4001,1.882,1105.0282964745413,1091.7795512865714,3071.043990278294,440.52086250184806,647.2028323287573,640.1042520492551,0.29307749195122584,0.10854626843402096,0.10439172087613316,2,350908_C0000201_SEG_UNCOMP,0.76803,0.78617,1.4458,0.14844211162736606
0.3633,2.05,722.4543131477631,1216.9758527007025,2723.882952734263,342.80389885453883,667.815665765881,390.43711963615874,0.198724684473198,0.07064462399986632,0.1307238069546332,3,350908_C0000201_SEG_UNCOMP,0.67709,0.9351,1.38781,0.13239195373377655
0.3612,2.061,695.8609630080133,1195.9395290487034,2697.0900516112893,332.2997258759277,596.7297621741299,435.6220658924238,0.1870606470248281,0.08514440700238074,0.11720962192194576,4,350908_C0000201_SEG_UNCOMP,0.69585,0.87031,1.43385,0.18365188736861865
0.2109,1.837,234.21541437131125,398.29853811947,1114.4945803243756,130.3328809461687,253.0519527230053,164.29570217253666,0.2112690520353829,0.06608311961395287,0.12100616175139205,5,350908_C0000201_SEG_UNCOMP,0.73397,0.91802,1.34801,0.16184406288997732
0.3385,2.081,514.9002396661463,1394.5342325470926,2401.16313684037,299.2650020779768,690.0222173280797,334.98822316204473,0.1456766929645253,0.06730750819209545,0.15890721493424215,6,350908_C0000201_SEG_UNCOMP,0.65063,0.99511,1.35426,0.20580599376620531
0.1166,1.5490000000000002,193.31589711562884,257.61701750671426,520.4731159101293,83.05414650125897,71.46995412715451,57.38867212701581,0.19751356818933968,0.06085051565929892,0.07171238256778846,1,350910_C0000231_SEG_UNCOMP,0.81577,0.92042,1.26381,0.6388360696195847
0.2008,1.856,278.76161140486045,508.1614436788017,1364.936480017647,137.3790696758402,271.1028845654577,204.88941820170692,0.15585198040072726,0.07569539539503034,0.1055250371035578,2,350910_C0000231_SEG_UNCOMP,0.75758,0.83649,1.40593,0.6128137087504791
0.2304,1.924,317.10237027254595,627.0300045779409,1572.4506545980746,171.49471223308518,322.1955085235644,237.62133487789487,0.16930022455117338,0.07513437925283617,0.11068552801676836,3,350910_C0000231_SEG_UNCOMP,0.72635,0.87639,1.39726,0.4715410099692295
0.2352,1.919,312.42352876101364,576.2043974008022,1554.343389785196,197.04171366876568,364.28945890742517,222.984436978419,0.2313231251067838,0.06270391424555652,0.11168466165024978,4,350910_C0000231_SEG_UNCOMP,0.71341,0.9173,1.36929,0.4567950580614186
0.0741,1.903,33.961178523174404,95.48879359000021,396.958784235184,20.55986188576832,59.088306022184845,31.85436719402843,0.10640903775744788,0.04626310076392252,0.07032761598919747,5,350910_C0000231_SEG_UNCOMP,0.71996,0.90989,1.37015,0.8542622921790992
0.1907,1.88,247.2341017373573,387.4393153571617,1200.1262489378767,142.30762225553258,222.35675797937603,172.94499534415093,0.2434996764044181,0.0654218870313805,0.08859871178893992,6,350910_C0000231_SEG_UNCOMP,0.73846,0.87295,1.38858,0.5045910805411518
0.2199,2.023,342.5929580269994,597.9559701762373,1373.6941255909608,143.86687391881242,291.4536550025805,186.93595255631303,0.172492620600531,0.06471815216979054,0.10961162739029894,1,350912_C0000226_SEG_UNCOMP,0.70863,0.8575299999999999,1.43384,0.34163783953692783
0.1344,2.317,98.49079807538796,223.62445295920585,848.6981283585791,53.66312122084754,161.0046549358489,93.07599226819369,0.17180154627228714,0.039680458341757686,0.08105688233391603,2,350912_C0000226_SEG_UNCOMP,0.6565,0.8226700000000001,1.52084,0.3521554600714613
0.1258,2.094,119.5246632454174,131.23034311851723,657.5537876396354,41.53509266515098,98.7604233888908,68.48200422823572,0.2219659265870151,0.04505612809426833,0.07871337370381627,3,350912_C0000226_SEG_UNCOMP,0.6957,0.8474200000000001,1.45687,0.367855828394098
0.1148,2.417,117.49361175745985,250.5953431733818,755.6656737698307,58.65853292307561,178.1894218482251,67.68721848719521,0.18137650157222912,0.033783388427878584,0.11151086561891864,4,350912_C0000226_SEG_UNCOMP,0.59305,0.97379,1.43316,0.53721968551735
0.0736,1.359,156.2331055623789,167.83976406824456,222.87335867973687,68.6834714226547,43.046309972381295,31.99472297936907,0.2655397799008204,0.056861562703436175,0.10444651466212687,5,350912_C0000226_SEG_UNCOMP,0.85398,0.98559,1.16043,0.6251525051388722
0.0783,1.26,210.07245686119012,173.5948051480684,212.23976327341285,71.9507448240112,39.740901465257394,42.93506040915794,0.3124383970805937,0.10655806970596572,0.09043396065244033,6,350912_C0000226_SEG_UNCOMP,0.90354,0.95828,1.13818,0.7626185345944693
0.0779,1.519,62.356636007798116,108.20558132237234,191.5154848617481,34.579215131826466,42.63200489117917,32.62172637384944,0.20010430215584554,0.07706726570738641,0.10327060301774907,1,350913_C0000239_SEG_UNCOMP,0.81876,0.93765,1.24359,0.7604693816150039
0.0249,2.174,0.3912673428292255,0.40830150096249385,4.3084276943538455,0.05937765630385922,0.5659922358047326,0.35103353795253345,0.038079308521232466,0.03886400429757232,0.06434868583510311,2,350913_C0000239_SEG_UNCOMP,0.71217,0.7397199999999999,1.54811,1.7716343207668006
0.1168,2.279,19.166650717966466,35.82571047084311,134.65485588023816,10.650580272863467,26.41214565476017,19.4300620181372,0.09528761415389013,0.04024815058313089,0.02113503933895829,3,350913_C0000239_SEG_UNCOMP,0.63794,0.90846,1.4536,0.8593327482073104
0.1422,2.127,108.2876911779731,273.54043679149413,772.1612606720042,65.53524142438128,155.01703674791142,77.51747941420797,0.16439107262588626,0.04234515002161159,0.09569270252304724,4,350913_C0000239_SEG_UNCOMP,0.66272,0.92742,1.40986,0.5969545348996859
0.1961,2.139,179.51643429502877,288.9547317807044,1014.623923164704,81.52613070103816,179.66088775356633,124.97152927605237,0.1870418953476874,0.059117370496698775,0.08044067613395775,5,350913_C0000239_SEG_UNCOMP,0.69796,0.80913,1.49292,0.3009967212740969
0.1731,1.843,247.71333494486416,549.9212819571684,1056.5810055430923,137.87714168632095,297.1187566612816,147.99097626741218,0.1588015040485975,0.06492495779715264,0.15894762093546946,1,350914_C0000261_SEG_UNCOMP,0.70612,0.99243,1.30146,0.5165699675068413
0.1666,1.881,167.9635935034427,376.19202968405335,934.8944942356053,79.84263799515978,192.71479858532558,105.67380117530372,0.17607854750440224,0.053375079040119525,0.10986213077431448,2,350914_C0000261_SEG_UNCOMP,0.718,0.93159,1.3504200000000002,0.3021165789035834
0.1298,1.805,149.37922687872592,214.0638980654244,689.3305945707377,81.35163547569972,162.20751717491473,92.11465451373758,0.20837055734286727,0.05175271378584944,0.13701818807874502,3,350914_C0000261_SEG_UNCOMP,0.7378,0.93017,1.3320299999999998,0.5111869921835054
0.17,2.152,183.7237541667105,504.0119367034252,1077.7567001236466,86.87066140998905,251.4198429430651,95.36462403116079,0.12820731688836698,0.04139309125075165,0.12659818814319496,4,350914_C0000261_SEG_UNCOMP,0.6390399999999999,0.98574,1.37523,0.27518999628068225
0.2702,2.405,314.2494632400278,871.9152124014764,2096.6083097398914,181.143786479012,524.2588749900789,234.81257378061875,0.11094641466679243,0.048666715000891855,0.11863085520225385,5,350914_C0000261_SEG_UNCOMP,0.6048600000000001,0.94034,1.4548,0.3189008724261395
0.1886,1.866,274.61088952346506,466.0277898585196,1226.0094020504514,125.14102616591705,241.03091419916507,157.2477825801678,0.2105113453637704,0.059606722937419074,0.1047942548076577,6,350914_C0000261_SEG_UNCOMP,0.7328600000000001,0.8999799999999999,1.36716,0.2962398479073692
0.2417,2.007,478.49139618449317,614.7989966621479,1696.1174221687045,187.07007551911883,348.9719973186357,279.3917875393056,0.2148598172592316,0.08158165571636171,0.10049598632441027,1,350915_C0000250_SEG_UNCOMP,0.7196199999999999,0.8359,1.44448,0.4068870133325152
0.1594,1.611,206.9212370321071,265.2406806005684,712.1473222148677,89.9853629015572,158.74716298882302,127.23001057836383,0.2391559427912051,0.07651949336537657,0.11648065778722448,2,350915_C0000250_SEG_UNCOMP,0.80962,0.8858600000000001,1.30452,0.3266177834770456
0.1549,1.6869999999999998,148.6773520960886,512.6205294109855,596.5833422241377,93.01423842738464,192.02536201608456,82.05100636672769,0.12200382831400294,0.07941236584873346,0.16701402874540944,3,350915_C0000250_SEG_UNCOMP,0.69515,1.13179,1.17306,0.2919057351083472
0.1821,2.023,166.65113325577073,298.9733725787053,1027.497878479749,95.77009556946855,213.16801009923503,131.36042744382002,0.2167589288289336,0.05131215367319971,0.09387358202021913,4,350915_C0000250_SEG_UNCOMP,0.69297,0.90494,1.40209,0.21893041518225112
0.1329,1.577,181.43390200491626,269.4905167200666,648.7866649103192,98.69708967020493,128.11959170328177,100.99668374448969,0.2440257970910104,0.08280253037312603,0.08726062313386902,5,350915_C0000250_SEG_UNCOMP,0.80393,0.92848,1.26759,0.5484691737589883
0.1717,2.015,224.02383292384516,280.8735911137527,993.0281906496616,102.86966081653192,190.3773358246177,131.06376489650324,0.2656581431619873,0.06298477690523813,0.08092922865465182,6,350915_C0000250_SEG_UNCOMP,0.69692,0.8990299999999999,1.40405,0.3600200960426782
0.1354,2.418,414.87872880601617,296.01619257802014,1053.8219452103094,144.87855755572755,196.6422300199532,261.2459066691672,0.32189911791078885,0.105801495674954,0.09388849894498694,1,351002_C0000151_SEG_UNCOMP,0.61443,0.9001299999999999,1.48543,0.5063251318071323
0.2094,2.005,216.89848181559063,507.1340046627463,1259.9257793023794,134.96845621803456,268.2034915860599,165.4808480501428,0.18371752013174608,0.05712646688874533,0.09303731977830207,3,351002_C0000151_SEG_UNCOMP,0.68637,0.93727,1.37636,0.3813625499925015
0.0309,1.283,10.714930958512893,52.77688187086941,54.00169757372965,7.009213538045317,10.263886653208877,9.783607113636382,0.05907576618829245,0.13055332494517552,0.07034599883453198,4,351002_C0000151_SEG_UNCOMP,0.84777,1.0647799999999998,1.08745,1.281990033549626
0.0575,2.231,57.338218976888456,125.68072237921012,359.0209259334552,43.155965166562574,66.690535723642,40.35228570050951,0.2164321220928288,0.03644202965967232,0.08718728138192314,5,351002_C0000151_SEG_UNCOMP,0.6661199999999999,0.84795,1.48593,1.0441338847391164
0.1232,1.91,79.20386482564528,196.76837126851916,518.0892117830458,37.943781621191896,100.50261046534288,61.81746708263196,0.12062238444981645,0.04488230109332948,0.09605371366235282,6,351002_C0000151_SEG_UNCOMP,0.70467,0.94959,1.34574,0.3712238798979693
0.4284,2.324,765.4986702502404,1622.644569256292,3183.222256389422,391.6922475793022,882.4349626093242,481.4230355119845,0.16244045651559247,0.07388612430038219,0.14187576703383606,1,351302_C0000051_SEG_UNCOMP,0.62002,0.93929,1.44069,0.21953288624952627
0.2324,1.7919999999999998,274.067378108048,659.3694125846085,1166.9249210786106,173.77538803452953,373.4198931898858,154.9563580520797,0.20630993874853126,0.05482870199296277,0.15859530959557772,2,351302_C0000051_SEG_UNCOMP,0.69702,1.05425,1.24873,0.2265029074200162
0.3421,2.319,459.00256093109255,1129.4301958243132,2360.9082659988226,231.00923162862026,574.2063188537694,318.906049327113,0.1383799336912749,0.0673256158607052,0.12070987922393095,3,351302_C0000051_SEG_UNCOMP,0.62797,0.91576,1.4562700000000002,0.27759844885725243
0.2954,1.983,362.73902712419317,1181.9703005258314,1699.7190438705277,233.73920901792118,571.7998165983862,239.559520017836,0.12895969169684154,0.06873279641797618,0.1821779709427105,4,351302_C0000051_SEG_UNCOMP,0.64162,1.08635,1.27204,0.26688376351711746
0.4175,2.314,711.6457913364096,1669.2194994752294,3093.702440892824,395.53266238520683,857.8237486490144,483.9115381260372,0.16090965702634802,0.0769603206301447,0.14240214363357534,5,351302_C0000051_SEG_UNCOMP,0.6199,0.94572,1.43438,0.1697463626807684
0.3332,1.888,595.8818238386923,1225.7519359323496,2130.1062292510787,269.6916077371658,507.3552439697413,328.0339079464423,0.14951304508287466,0.08669484929341548,0.13522387143981246,6,351302_C0000051_SEG_UNCOMP,0.7167100000000001,0.93004,1.35325,0.13083788314893166
0.0974,2.069,58.15845241745057,144.9187635817213,462.46212739385106,39.460827695243395,95.7396607613123,47.13056687632445,0.14866835835991932,0.046906180587005054,0.09294487529360236,1,351303_C0000072_SEG_UNCOMP,0.64564,1.01836,1.336,0.4440728103587284
0.1581,2.225,121.81117338519371,396.2666082116067,983.0817648055023,90.75368388240088,237.42795907550163,116.75144256994172,0.16775736836705668,0.04861003096825554,0.1039665691308996,2,351303_C0000072_SEG_UNCOMP,0.64379,0.92355,1.43266,0.4248269018786877
0.1397,2.143,409.2548305538955,306.7413934832457,1074.5031234324508,138.8402836207331,201.0959854319697,253.40446497984345,0.2978365842901654,0.12412884280072828,0.07517113815613558,3,351303_C0000072_SEG_UNCOMP,0.65558,0.93958,1.40483,0.5771178819893164
0.1086,2.5660000000000003,76.31725910786047,253.61342314707667,629.2040694520017,45.016984131212816,163.51843443673138,54.034416172396895,0.13468890035075629,0.042677501232595685,0.12854012498150233,4,351303_C0000072_SEG_UNCOMP,0.55899,1.0068,1.4342,0.454182890514073
0.1262,2.508,74.82250554094725,272.1050988562031,727.6251561360582,47.96069144689193,186.51075258072845,65.87697176396671,0.11150862151237904,0.04485152483799452,0.10659271972755796,5,351303_C0000072_SEG_UNCOMP,0.56624,1.01388,1.41987,0.34305172754437424
0.1426,2.357,436.0396689226342,275.091855343887,1067.6608119254468,140.9361208878565,185.3472794176104,270.2296889595468,0.3352461269345857,0.1298640965339846,0.07016118984491898,6,351303_C0000072_SEG_UNCOMP,0.59832,0.99155,1.41013,0.6060939155800182
0.2584,2.014,344.73867599226014,495.74613622146444,1725.7257043931643,177.99839991163998,286.2876907477842,212.86156844948925,0.2442022904887765,0.05958523506856644,0.07489643977108795,1,351304_C0000089_SEG_UNCOMP,0.71725,0.83819,1.44456,0.2054609735924796
0.3018,1.99,544.0751004404768,651.2078973792286,2079.4516684670416,254.80527991046773,401.54445927771684,334.83974029906966,0.29236751792207816,0.07137745737135702,0.08683609695216953,2,351304_C0000089_SEG_UNCOMP,0.73026,0.81658,1.45316,0.11257574608478246
0.2756,1.976,397.2369938164768,816.0962396750722,1740.9124328282815,208.09041700216883,391.3704570501663,240.35395311146183,0.1935435194657649,0.06572572918817987,0.11206353243334452,3,351304_C0000089_SEG_UNCOMP,0.69762,0.92366,1.37873,0.15389853649014745
0.271,2.154,325.812036296299,663.2680717966847,1697.3245345538464,158.90435467523858,320.59749729288416,215.55007757446015,0.18007274810247886,0.06016225065746963,0.09649188309333788,4,351304_C0000089_SEG_UNCOMP,0.6759,0.86806,1.45604,0.21162755477203407
0.1388,1.903,97.89838029281428,314.39113554708143,535.8478620174453,55.87171226745497,155.1009144566174,66.07708462504388,0.12448512728209775,0.0567204641428331,0.13349228894723364,5,351304_C0000089_SEG_UNCOMP,0.6621199999999999,1.07816,1.2597200000000002,0.19739036438743876
0.1997,1.958,210.1164636111562,641.8776108768262,1110.9485926441805,109.95880655973716,286.5436677286611,140.67185922498024,0.0937382655183794,0.06809661032044774,0.14354298742793425,6,351304_C0000089_SEG_UNCOMP,0.67892,0.99181,1.32928,0.4117442663959221
0.3607,1.825,685.8757904276456,1576.4462670617536,2477.1954721028314,362.96966969485095,724.3641463915628,412.3036996856264,0.149741672569806,0.08601981156969546,0.15529245323371907,1,351304_C0000091_SEG_UNCOMP,0.70839,0.99867,1.29294,0.3150730835750542
0.4384,2.072,1064.1688017819342,1652.4072382658373,3402.1956916863733,450.13347321463976,845.1647540479757,583.8603887077809,0.18386351379559795,0.08688290175267582,0.13928532856668135,2,351304_C0000091_SEG_UNCOMP,0.68621,0.8919299999999999,1.42186,0.1449031949280603
0.2537,1.621,334.5997259248752,621.5966944429563,1338.3114744122975,198.70303575356724,287.13054141145017,210.02328074948318,0.20517872485604569,0.07704561778696467,0.10560068057247553,3,351304_C0000091_SEG_UNCOMP,0.77272,0.97461,1.2526700000000002,0.19135296729752332
0.4144,1.814,805.6317128383507,1989.8231535328605,2852.871311539867,498.4680778829838,966.8890317546308,507.7346037451348,0.15875281888823875,0.0900407270838876,0.18726890127839693,4,351304_C0000091_SEG_UNCOMP,0.69334,1.04928,1.25738,0.2672972728185851
0.3715,2.187,589.7145673593815,1146.3330189190076,2736.2313384403133,321.14984810084,656.9427282376232,383.7688032393093,0.2001720854082739,0.05854525109379745,0.11992325535513415,5,351304_C0000091_SEG_UNCOMP,0.65556,0.91102,1.43342,0.1770831669727322
0.2392,1.5119999999999998,364.2714836667782,445.42341246515593,1011.6748007999316,168.55432621952428,223.82382837127471,211.59761559450192,0.24775870995453425,0.1130474254929946,0.09454780841816213,6,351304_C0000091_SEG_UNCOMP,0.82573,0.92613,1.24814,0.2595111479471076
0.1599,1.51,139.48808864439007,339.4392423064008,719.5068752195688,97.57086535581298,137.74164095319492,84.9491362591572,0.18762451965443624,0.044889605108974995,0.0907554362347311,1,351305_C0000122_SEG_UNCOMP,0.8221,0.93642,1.24148,0.3885112635709706
0.21,2.06,212.12911931642483,602.7626456902651,1016.1779328354007,105.75160858356254,310.7491589995628,121.37991904219028,0.1289795103590122,0.059772702423360816,0.1543725448852582,2,351305_C0000122_SEG_UNCOMP,0.63258,1.06404,1.30338,0.282467967923213
0.1577,2.229,87.97683439310025,261.7875012729253,782.1326099144188,67.34249701167954,168.91050747915008,73.84156067977759,0.15421210191534995,0.040656622360223715,0.08590043555543954,3,351305_C0000122_SEG_UNCOMP,0.64364,0.92188,1.43448,0.3801074234554308
0.1696,2.097,170.47889841687686,425.25037711830566,874.3807641649161,70.3411995082257,254.94163756129285,99.37584255175726,0.11223753767253816,0.05843945505550439,0.1485054903682888,4,351305_C0000122_SEG_UNCOMP,0.6312300000000001,1.04486,1.32392,0.4325676692570109
0.1056,2.216,57.142800800956365,153.6891817219656,461.0177414149794,42.82992824814188,102.31717305273779,44.85858050353055,0.15471261917975368,0.04133096146585122,0.07303414956915001,5,351305_C0000122_SEG_UNCOMP,0.62735,0.98267,1.38998,0.6234916921618258
0.0244,2.096,1.5081981389108765,1.7999186271265304,4.9313361920502565,0.6765016866602368,0.5724799350750823,0.578385917478208,0.1624263278362602,0.03757287096347098,0.051844904086310255,6,351305_C0000122_SEG_UNCOMP,0.7026,0.8244299999999999,1.47297,1.5405391838000169
0.2086,2.125,195.33800623363172,335.18185570994547,1206.1014227910402,106.43272428376154,204.9109137543974,139.83684102640808,0.1965125659860798,0.04254037466072491,0.07819827907759536,1,351308_C0000194_SEG_UNCOMP,0.67838,0.88036,1.44126,0.5329240067508171
0.328,2.093,385.0616559734671,1122.39190423101,2089.093417323937,232.61034601086075,602.1660295185227,283.7927258824148,0.13862194257406174,0.06451482032722336,0.14789165949729466,2,351308_C0000194_SEG_UNCOMP,0.64657,1.00048,1.35295,0.14565036750154334
0.406,1.894,937.8601646377035,1429.193077073295,3050.9238756809705,452.0967791101197,750.9198474613451,629.2074456223565,0.1781497155418549,0.09232335106557583,0.1299939648057801,3,351308_C0000194_SEG_UNCOMP,0.74174,0.8536600000000001,1.4046,0.3794368550317113
0.2993,2.085,323.6920276978988,775.8172959402597,1784.6358895811056,184.49157768898465,436.0421478546005,256.4866219275576,0.14455383394502544,0.06628946748496169,0.11613671727924232,4,351308_C0000194_SEG_UNCOMP,0.6685399999999999,0.93736,1.39411,0.17271899949214398
0.3073,1.977,421.45160249651815,750.8699247048863,2039.683533677804,204.334172598711,428.02850010816843,314.4326889548314,0.16780254101832595,0.07302883638796835,0.10172439172878824,5,351308_C0000194_SEG_UNCOMP,0.72124,0.8530700000000001,1.42569,0.224389929175618
0.4127,2.104,762.0178539467306,1819.2075417840522,2965.1130799748225,408.38394020979825,902.2936406924276,493.0248039357364,0.136305281037451,0.07734400825514236,0.16698844206150487,6,351308_C0000194_SEG_UNCOMP,0.64787,0.98869,1.36344,0.3386373107709552
0.3189,1.766,622.7563396624821,1034.943125569855,2136.158723454349,302.62667445872796,456.6909271561325,341.9221965953558,0.2123306246930304,0.0760793623936386,0.11314387582703005,1,351310_C0000159_SEG_UNCOMP,0.76212,0.8921,1.34578,0.21055773435500755
0.2174,1.861,267.0444615837648,740.5873912847221,1294.5444176940566,166.4049343380155,366.78933022343244,158.6808328955353,0.16236703042705686,0.05265439132142148,0.15293213941794,2,351310_C0000159_SEG_UNCOMP,0.68285,1.04621,1.27094,0.21261575417202166
0.3144,1.751,608.942000482719,995.675377805002,2067.57427172367,288.57608641147095,435.48169885978723,313.5119654980607,0.210454081348212,0.07610545741002782,0.11142296814968976,3,351310_C0000159_SEG_UNCOMP,0.76076,0.90717,1.33207,0.1415583821129736
0.28600000000000003,1.858,457.38571448220597,1163.8465682057295,1820.4174129477165,290.61050168594613,572.0563290587521,276.7796012233128,0.186152072510464,0.0713244176899567,0.16341272492449951,4,351310_C0000159_SEG_UNCOMP,0.6763399999999999,1.06732,1.25634,0.2770568425314174
0.2067,1.519,299.31369255341883,571.6807462029341,911.6670911908743,167.55076565276516,277.2686330101394,173.88063562534302,0.18533855842947447,0.09636224773404364,0.1593198980493574,5,351310_C0000159_SEG_UNCOMP,0.79977,0.98531,1.21492,0.366191787337697
0.3732,1.716,874.9133359651088,1599.9116082409498,2648.723145025415,391.6142852451374,732.0283833238099,428.65184320018403,0.17345573775001885,0.08256274744971087,0.15836951688319842,6,351310_C0000159_SEG_UNCOMP,0.74741,0.96999,1.2826,0.1968712094115092
0.1442,2.187,80.41016437188378,128.6461084265926,906.8687100525765,46.21422354499511,80.4820901629285,58.24272256674982,0.22396056410722545,0.03275163622281838,0.03766051327916607,1,XXXXXX_C0000034_SEG_UNCOMP,0.68198,0.8267899999999999,1.49124,0.36291994185280935
0.1469,2.233,90.69670754585053,188.28285248085564,955.4011047350066,61.56289605895071,113.50372479683368,76.96327634595215,0.1972315124282711,0.03485172013724843,0.05525404173396544,2,XXXXXX_C0000034_SEG_UNCOMP,0.67738,0.81016,1.51246,0.5351969911975716
0.1077,1.787,93.47706529710793,181.34987223846417,376.5104551208433,47.13896611050319,160.11947111765298,62.952555382888214,0.09403656272722724,0.07162153326059413,0.25960272854713234,3,XXXXXX_C0000034_SEG_UNCOMP,0.7145699999999999,1.0084799999999998,1.27694,0.4427668859866822
0.1823,2.104,132.14561723928807,589.014547748886,871.119449941885,84.63129212241051,340.62162124565725,102.68308237966005,0.06602804575288652,0.053310479405930734,0.2340859565484656,4,XXXXXX_C0000034_SEG_UNCOMP,0.62495,1.06006,1.31499,0.3153860947442908
0.0605,2.068,462.8059901464899,288.9238881382342,802.1325634215457,174.35009040171605,238.76424504691036,264.21276394378367,0.33305739626941794,0.13655450152062149,0.1572326006449783,5,XXXXXX_C0000034_SEG_UNCOMP,0.67052,0.94259,1.3869,0.7844933221144279
0.0868,1.981,47.493817927125356,132.249580310105,404.1263507868729,23.64638462900711,78.74284891884814,31.86525232181857,0.10184646259975544,0.0323013467191985,0.10671825650391656,6,XXXXXX_C0000034_SEG_UNCOMP,0.6987300000000001,0.91709,1.38418,0.6466287702636009
0.1962,1.955,244.93370124933202,345.12907475761733,1174.029752426579,106.16386317730137,206.1056592049308,136.56997440423618,0.2241281753614082,0.05928854702861641,0.0889844469422103,1,XXXXXX_C0000037_SEG_UNCOMP,0.72578,0.8549700000000001,1.41925,0.2169415335956214
0.2306,1.952,331.0736910404093,511.5259344344568,1464.1071596636014,159.66485217309878,253.8312862365256,198.4912226084905,0.2300862660484229,0.06126483830263541,0.09093011441065198,2,XXXXXX_C0000037_SEG_UNCOMP,0.73306,0.8363299999999999,1.43061,0.13410051569515458
0.2288,1.714,296.66155138290037,397.6124898862189,1146.3715486366318,132.3915131341362,247.2114263056029,165.40999990895241,0.228515824735316,0.0652379796575789,0.11624978121023385,3,XXXXXX_C0000037_SEG_UNCOMP,0.76822,0.91469,1.31709,0.17913540223982838
0.2051,2.218,230.1763488239928,442.73420958321935,1312.0830653669166,123.46812951689093,290.0848621721256,159.21917217638057,0.18523233778521853,0.059082032843891664,0.11711553806874415,4,XXXXXX_C0000037_SEG_UNCOMP,0.6512399999999999,0.90437,1.44439,0.2036229954268216
0.2622,1.757,542.2810362716355,688.9178714493132,1619.8138613226706,231.25085228551293,310.96191827735225,268.28175111350936,0.2374897966773241,0.08570843048226827,0.09863968602089293,5,XXXXXX_C0000037_SEG_UNCOMP,0.7677,0.8836,1.3487,0.1720363843336936
0.2123,2.171,234.6351806718181,444.3938456877965,1385.9868763684756,130.81714068503007,286.3430635345523,173.81104421969368,0.1913340191329521,0.0602649095846018,0.10545798146655204,6,XXXXXX_C0000037_SEG_UNCOMP,0.67489,0.8601,1.46501,0.22148946802124853
0.1692,1.928,318.88223800069596,390.92311916924757,1324.101053336311,135.95611388188976,263.3859482793964,226.0458168086293,0.2166837916092794,0.07250935008516803,0.08068063473745872,1,XXXXXX_C0000220_SEG_UNCOMP,0.7441,0.82124,1.43466,0.6511534182515046
0.2245,2.089,353.18413633870506,601.569691394305,1831.2347995811533,132.0299913979596,399.8487637540263,253.1139615391584,0.1288422511264798,0.06216133061109375,0.08855844233495884,2,XXXXXX_C0000220_SEG_UNCOMP,0.69981,0.83819,1.462,0.536597650956594
0.1764,2.262,161.06319725797684,405.4602097302487,1229.620467555939,110.07172603404824,197.8418109061087,123.90968035788107,0.1976088103695707,0.04055258959808174,0.07242537312417817,3,XXXXXX_C0000220_SEG_UNCOMP,0.6552600000000001,0.8626299999999999,1.48211,0.2580250607945176
0.2045,2.342,178.39036881993087,623.4532789864293,1547.9102198304768,121.4299151314087,405.71508122319426,158.0889569288756,0.1411972072665509,0.039144301696754265,0.09835905992722764,4,XXXXXX_C0000220_SEG_UNCOMP,0.61528,0.94368,1.44104,0.33526392430159113
0.1536,1.527,407.06273361383387,334.2307930274228,945.8742729939952,151.98239314466392,247.34248823753646,232.80109486047783,0.2728484874382201,0.11635885468859722,0.1284736947996375,5,XXXXXX_C0000220_SEG_UNCOMP,0.79032,1.0025700000000002,1.20711,0.8859869115765086
0.1737,2.228,180.41624077532398,482.39130989165324,1290.4322229962272,118.861126471098,290.4215519355336,165.59415721292598,0.1802248514269641,0.048598044908921056,0.09127725805839744,6,XXXXXX_C0000220_SEG_UNCOMP,0.65905,0.87249,1.46846,0.5730716440889504
0.1656,1.93,215.85843083517017,326.2654609342725,1031.844417496553,90.92788855300621,201.13094212886043,131.57628003836456,0.18932234037831489,0.0675562052226537,0.08891301097737801,1,XXXXXX_C0000226_SEG_UNCOMP,0.7255199999999999,0.8740000000000001,1.40048,0.4834448991707566
0.1313,2.263,79.17010332072068,255.1073035129136,806.2971676383178,54.686066873486176,168.76477625625415,73.8915725917862,0.18430523752912056,0.030165201169977438,0.0862040146012392,2,XXXXXX_C0000226_SEG_UNCOMP,0.62549,0.95931,1.4152,0.506364605792577
0.0787,1.942,56.13001383603457,98.79754937783954,373.32226295586736,21.67114928596073,69.22748485313016,30.193533305478788,0.16403921528984136,0.03702728345825875,0.09653127025701523,3,XXXXXX_C0000226_SEG_UNCOMP,0.70501,0.92562,1.3693799999999998,0.4181531163502108
0.0515,1.709,25.14225424777153,28.75696584726797,196.8920772848064,15.254244389974756,22.24559365823373,18.42335327748002,0.3226267880697236,0.04454230012968873,0.04793596908373498,4,XXXXXX_C0000226_SEG_UNCOMP,0.80095,0.8300200000000001,1.36903,0.4761060677873119
0.1873,2.248,203.06353155321358,586.6568883987843,1230.2842312011928,120.86123711159443,326.0611709282224,143.06300773021886,0.13798600270959618,0.05591168069649617,0.13127917230649758,5,XXXXXX_C0000226_SEG_UNCOMP,0.62256,0.97787,1.3995799999999998,0.4904337930229053
0.1225,2.022,96.59441889310827,135.0598708987263,662.1252339249943,44.688705581869876,97.84342999061614,69.60254009937094,0.2034834039803069,0.04772813227135034,0.07615514806287635,6,XXXXXX_C0000226_SEG_UNCOMP,0.70906,0.85713,1.43382,0.2987695642585997
0.1047,1.965,438.0148790216432,276.8653174079221,1050.0537518423823,141.45495667498508,183.8824372176836,276.0134519838395,0.3312763180249143,0.13765271846823554,0.06920736836495847,5,350205_C0000112_SEG_UNCOMP,0.66497,1.02851,1.30652,1.7366122943963145
0.021,2.292,0.6175183007060736,1.0340304429366365,0.14203425200067907,0.3261247467227875,0.14840184981619,0.085752534774961,0.0973910369203808,0.2292691686479008,0.4768055619803496,5,350208_C0000141_SEG_UNCOMP,0.59845,1.0297,1.37185,1.1102713643569169
0.0149,1.556,452.4317885647727,264.93237508108973,953.6666217059152,156.06259657696575,205.26700210737044,273.8906051606999,0.3535982820776991,0.12553081198341398,0.10902347453998627,6,350913_C0000239_SEG_UNCOMP,0.80893,0.93203,1.25905,0.5969545348996859
0.0133,1.388,464.4252498988463,363.97952716752854,681.7492219379615,165.11125209015353,242.6126594310836,287.10866042571143,0.2043347171901189,0.22806260722298874,0.17841528952065133,2,351002_C0000151_SEG_UNCOMP,0.83325,1.01016,1.15659,0.3600200960426782
